accord créant l'espace économique européen		EU/EEE
accord eee		EU/EEE
accord eee)		EU/EEE
accord franco-algérien du 27 décembre 1968		JORFTEXT000000694290
accord franco-marocain du 9 octobre 1987		JORFTEXT000000546208
accord franco-tunisien du 17 mars 1988		JORFTEXT000000701093
accord sur l'eee		EU/EEE
accord sur l'espace économique européen		EU/EEE
accord sur l'espace économique européen (eee)		EU/EEE
accord sur l'espace économique européen du 2 mai 1992		EU/EEE
arrêté du 10 juillet 1990 relatif à l'interdiction des rejets de certaines substances dans les eaux souterraines en provenance d'installations classées		JORFTEXT000000717208
arrêté du 10 novembre 2009 du ministre de l'écologie susvisé fixant les règles techniques		JORFTEXT000021334497
arrêté du 10 novembre 2009 fixant les règles techniques		JORFTEXT000021334497
arrêté du 10 novembre 2009, modifié le 17 juin 2021 relatif aux prescriptions générales applicables aux installations classées de méthanisation soumises à déclaration		JORFTEXT000021334587
arrêté du 10 septembre 2012 relatif à l'entretien professionnel et à la reconnaissance de la valeur professionnelle des fonctionnaires et de certains agents non titulaires civils du ministère de la défense		JORFTEXT000026426931
arrêté du 11 janvier 2013 relatif à l'entretien professionnel de certains personnels du ministère de l'intérieur		JORFTEXT000026969044
arrêté du 11 septembre 2003 portant application du décret n° 96-102 du 2 février 1996 et fixant les prescriptions générales applicables aux prélèvements soumis à autorisation en application des articles l		JORFTEXT000000415304
arrêté du 11 septembre 2015 fixant les prescriptions techniques générales applicables aux installations, ouvrages, épis et remblais soumis à autorisation ou à déclaration en application des articles l		JORFTEXT000031223404
arrêté du 12 août 2013 portant organisation interne du secrétariat général du ministère de l'intérieur		JORFTEXT000027838171
arrêté du 12 avril 2017 portant organisation du troisième cycle des études de médecine		JORFTEXT000034419758
arrêté du 12 décembre 2014 relatif aux prescriptions générales applicables aux installations du régime de l'enregistrement relevant de la rubrique n° 2760 de la nomenclature des installations classées pour la protection de l'environnement		JORFTEXT000029893853
arrêté du 12 janvier 2012 fixant les conditions de reconnaissance et d'échange des permis de conduire délivrés		JORFTEXT000025175223
arrêté du 12 janvier 2012 modifié fixant les conditions de reconnaissance et d'échange des permis de conduire délivrés		JORFTEXT000025175223
arrêté du 13 avril 2021 relatif à la garantie de financement des établissements de santé pour faire face à l'épidémie de covid-19 pour l'année 2021		JORFTEXT000043379013
arrêté du 13 décembre 2016 fixant les modalités de dépistage des substances témoignant de l'usage de stupéfiants et des analyses et examens prévus		JORFTEXT000033607271
arrêté du 13 décembre 2016 fixant les modalités du dépistage des substances témoignant de l'usage de stupéfiants, et des analyses et examens prévus		JORFTEXT000033607271
arrêté du 13 juillet 2022 relatif au recrutement et à la préparation à la réserve opérationnelle de la police nationale		JORFTEXT000046048813
arrêté du 13 novembre 2020)		JORFTEXT000042520877
arrêté du 13 septembre 2017 pris pour l'application du décret n° 2017-913 du 9 mai 2017 et fixant les modalités de mise en œuvre de l'expérimentation des clubs de jeux à paris		JORFTEXT000035583037
arrêté du 14 janvier 2020 relatif à la prime de transition énergétique		JORFTEXT000041400376
arrêté du 14 mai 2007 relatif à la réglementation des jeux dans les casinos		JORFTEXT000000278899
arrêté du 14 mars 1986 relatif à la liste des maladies donnant droit à l'octroi de congés de longue maladie		JORFTEXT000000471431
arrêté du 14 mars 2017 relatif à la prime d'exercice territorial des personnels médicaux, odontologiques et pharmaceutiques		JORFTEXT000034187486
arrêté du 15 février 2012 pris en application du chapitre iv du titre v du livre v du code de l'environnement relatif à l'exécution de travaux à proximité de certains ouvrages souterrains, aériens ou subaquatiques de transport ou de distribution		JORFTEXT000025391351
arrêté du 15 février 2016 relatif aux installations de stockage de déchets non dangereux		JORFTEXT000032275960
arrêté du 15 juillet 2015 relatif aux brevets d'aptitude aux fonctions d'animateur et de directeur en accueils collectifs de mineurs		JORFTEXT000030902804
arrêté du 15 septembre 2003 fixant les mesures techniques et administratives relatives à la prophylaxie collective et à la police sanitaire de la tuberculose des bovinés et des caprins		JORFTEXT000000429222
arrêté du 16 mars 2010)		JORFTEXT000021995476
arrêté du 16 septembre 2009 portant approbation du cahier des clauses administratives générales applicables aux marchés publics de prestations intellectuelles		JORFTEXT000021158419
arrêté du 17 mai 2001 fixant les conditions techniques		JORFTEXT000000223655
arrêté du 17 mars 2011 relatif à la lutte contre le plum pox virus, agent causal de la maladie de la sharka, sur les végétaux sensibles du genre prunus		JORFTEXT000023728913
arrêté du 17 novembre 2020 relatif aux caractéristiques techniques et modalités de réalisation des travaux et prestations		JORFTEXT000042532442
arrêté du 17 octobre 2016 fixant le programme et les modalités de l'examen d'accès au centre régional de formation professionnelle d'avocats		JORFTEXT000033253563
arrêté du 18 juin 1991 modifié relatif à la mise en place et à l'organisation du contrôle technique des véhicules		JORFTEXT000000171443
arrêté du 18 juin 1991 relatif à la mise en place et à l'organisation du contrôle technique des véhicules		JORFTEXT000000171443
arrêté du 18 juin 1991 relatif à la mise en place et à l'organisation du contrôle technique des véhicules		JORFTEXT000000171443
arrêté du 18 mars 1981 relatif aux primes et indemnités du personnel relevant du livre ix du code de la santé publique		JORFTEXT000000859693
arrêté du 18 octobre 2005 portant organisation de la formation initiale du premier grade du corps d'encadrement et d'application de la police nationale		JORFTEXT000000448186
arrêté du 19 février 2007 fixant les conditions de demande et d'instruction des dérogations définies au 4° de l'article l		JORFTEXT000000614256
arrêté du 19 février 2018 fixant les conditions et limites dans		JORFTEXT000036619326
arrêté du 19 janvier 2009 portant approbation du cahier des clauses administratives générales des marchés publics de fournitures courantes et de services		JORFTEXT000020407115
arrêté du 19 juillet 1954 relatif à la réception des véhicules automobiles		JORFTEXT000000283741
arrêté du 1er octobre 1990 relatif à l'organisation et au fonctionnement des services d'accueil familial thérapeutique		JORFTEXT000000343769
arrêté du 2 février 1998 relatif aux prélèvements et à la consommation d'eau		JORFTEXT000000204891
arrêté du 2 mai 2012 modifiant l'arrêté du 5 mars 2007 modifié fixant les modalités d'organisation des épreuves de vérification des connaissances prévues aux articles l		JORFTEXT000025837193
arrêté du 2 mai 2018 relatif aux caractéristiques techniques de l'application mentionnée à l'article r		JORFTEXT000036877030
arrêté du 2 octobre 2014 portant organisation de la formation initiale des élèves lieutenants pénitentiaires		JORFTEXT000029535181
arrêté du 2 septembre 2015 relatif au diplôme d'etat de masseur-kinésithérapeute		JORFTEXT000031127778
arrêté du 20 avril 2012 fixant les conditions d'établissement, de délivrance et de validité du permis de conduire		JORFTEXT000025803494
arrêté du 20 avril 2017 relatif à l'accessibilité aux personnes handicapées des établissements recevant du public		JORFTEXT000034485459
arrêté du 20 décembre 2012 relatif à la détermination et au contrôle de l'aptitude médicale à servir du personnel militaire		JORFTEXT000026952134
arrêté du 20 février 2014 modifié relatif à l'expérimentation de nouvelles modalités d'admission dans les études médicales, odontologiques, pharmaceutiques et maïeutiques		JORFTEXT000028637685
arrêté du 20 février 2014 relatif à l'expérimentation de nouvelles modalités d'admission dans les études médicales, odontologiques, pharmaceutiques, et maïeutiques		JORFTEXT000028637685
arrêté du 21 avril 2007 relatif aux conditions de fonctionnement des instituts de formation paramédicaux		JORFTEXT000000277377
arrêté du 21 avril 2007 relatif aux conditions de fonctionnement des instituts de formations paramédicaux		JORFTEXT000000277377
arrêté du 21 avril 2007 relatif aux conditions de fonctionnement des instituts paramédicaux		JORFTEXT000000277377
arrêté du 21 avril 2022 relatif à la détermination et au contrôle de l'aptitude médicale à servir du personnel militaire		JORFTEXT000045683211
arrêté du 22 août 2014 fixant les modalités de stage, d'évaluation et de titularisation de certains personnels enseignants et d'éducation de l'enseignement du second degré stagiaires		JORFTEXT000029401599
arrêté du 22 août 2014 fixant les modalités de stage, d'évaluation et de titularisation des professeurs des écoles stagiaires		JORFTEXT000029401631
arrêté du 22 août 2014 relatif aux modalités de stage, d'évaluation et de titularisation des professeurs des écoles stagiaires		JORFTEXT000029401631
arrêté du 22 décembre 1967)		JORFTEXT000000660275
arrêté du 22 décembre 2015 relatif aux conditions de délivrance du titre professionnel du ministère chargé de l'emploi		JORFTEXT000031733810
arrêté du 22 janvier 2014 fixant le cadre national des formations conduisant à la délivrance des diplômes nationaux de licence, de licence professionnelle et de master		JORFTEXT000028543525
arrêté du 22 mai 2014 portant règlement d'emploi des fonctions spécialisées exercées		JORFTEXT000029135458
arrêté du 22 octobre 2005 relatif à la formation conduisant au diplôme d'etat d'aide-soignant		JORFTEXT000000449527
arrêté du 22 septembre 1994 relatif aux exploitations de carrières		JORFTEXT000000347845
arrêté du 23 avril 2007 fixant la liste des mammifères terrestres protégés sur l'ensemble du territoire et les modalités de leur protection		JORFTEXT000000649682
arrêté du 23 janvier 1997 relatif à la limitation des bruits émis dans l'environnement		JORFTEXT000000748064
arrêté du 23 octobre 2020 fixant les conditions et limites dans		JORFTEXT000042472061
arrêté du 24 octobre 2011 fixant les modalités de recensement des enseignants-chercheurs optant pour la procédure spécifique d'avancement de grade		JORFTEXT000024796325
arrêté du 25 avril 2018)		JORFTEXT000036863231
arrêté du 25 juillet 1997 relatif au statut du personnel de l'assemblée des chambres françaises de commerce et d'industrie, des chambres régionales de commerce et d'industrie et des groupements interconsulaires		JORFTEXT000000384381
arrêté du 25 juin 1980 portant approbation des dispositions générales du règlement de sécurité contre les risques d'incendie et de panique dans les établissements recevant du public		JORFTEXT000000290033
arrêté du 25 juin 1980 portant approbation des dispositions générales du règlement de sécurité contre les risques d'incendie et de panique dans les établissements recevant du public (erp)		JORFTEXT000000290033
arrêté du 25 mai 2016 fixant le cadre national de la formation et les modalités conduisant à la délivrance du diplôme national de doctorat		JORFTEXT000032587086
arrêté du 26 août 2011 relatif à la remise en état et à la constitution des garanties financières pour les installations de production d'électricité utilisant l'énergie mécanique du vent		JORFTEXT000024507415
arrêté du 26 avril 2019 relatif aux modalités d'organisation de la formation initiale dispensée		JORFTEXT000038442450
arrêté du 26 juin 2012 fixant les conditions d'exploitation des établissements chargés d'organiser les stages de sensibilisation à la sécurité routière		JORFTEXT000026087827
arrêté du 26 octobre 2010)		JORFTEXT000022959397
arrêté du 27 décembre 2016		JORFTEXT000033724103
arrêté du 27 décembre 2016 relatif aux conditions d'établissement et de transmission des certificats médicaux, rapports médicaux et avis mentionnés aux articles		JORFTEXT000033724103
arrêté du 27 décembre 2016, relatif aux conditions d'établissement et de transmission des certificats médicaux, rapports médicaux et avis mentionnés aux articles r		JORFTEXT000033724103
arrêté du 27 septembre 2019 relatif au calcul des aides personnelles au logement et de la prime de déménagement		JORFTEXT000039160329
arrêté du 3 août 2005 relatif au diplôme universitaire de technologie dans l'espace européen de l'enseignement supérieur		JORFTEXT000000449466
arrêté du 3 décembre 1987 relatif à l'information du consommateur sur les prix		JORFTEXT000000689147
arrêté du 30 décembre 2002 relatif au stockage de déchets dangereux		JORFTEXT000000236168
arrêté du 30 décembre 2011 portant règlement de sécurité pour la construction des immeubles de grande hauteur et leur protection contre les risques d'incendie et de panique		JORFTEXT000025167121
arrêté du 30 décembre 2019 relatif à l'organisation du secrétariat général et des directions du ministère de la justice		JORFTEXT000039697341
arrêté du 30 juillet 2018 relatif au diplôme national de licence		JORFTEXT000037291166
arrêté du 30 novembre 2011 portant approbation de l'instruction générale interministérielle n° 1300 sur la protection du secret de la défense nationale		JORFTEXT000024892134
arrêté du 31 janvier 1986 relatif à la protection contre l'incendie des bâtiments d'habitation		JORFTEXT000000474032
arrêté du 31 juillet 2009 modifié relatif au diplôme d'etat d'infirmier		JORFTEXT000020961044
arrêté du 31 juillet 2009 relatif au diplôme d'etat d'infirmier		JORFTEXT000020961044
arrêté du 31 juillet 2009 relatif au diplôme d'etat infirmier		JORFTEXT000020961044
arrêté du 31 juillet 2009 relatif au diplôme d'état d'infirmier		JORFTEXT000020961044
arrêté du 31 juillet 2012 relatif à l'organisation du contrôle médical de l'aptitude à la conduite		JORFTEXT000026310765
arrêté du 4 août 2004 relatif aux commissions de réforme des agents de la fonction publique territoriale et de la fonction publique hospitalière		JORFTEXT000000806996
arrêté du 4 décembre 2009		JORFTEXT000021481122
arrêté du 4 novembre 2019 relatif à l'accès aux formations de médecine, de pharmacie, d'odontologie et de maïeutique		JORFTEXT000039309386
arrêté du 5 mai 2017 relatif à la mise en œuvre du rendez-vous de carrière des personnels enseignants, d'éducation et de psychologues du ministère chargé de l'éducation nationale		JORFTEXT000034632395
arrêté du 5 septembre 2019 portant sur l'organisation relative au temps de travail dans les services de la police nationale		JORFTEXT000039079589
arrêté du 6 décembre 2019 portant réforme de la licence professionnelle		JORFTEXT000039481561
arrêté du 6 juin 2006 portant règlement général d'emploi de la police nationale		JORFTEXT000000609541
arrêté du 6 mai 1995 relatif aux aérodromes et autres emplacements utilisés		JORFTEXT000000553582
arrêté du 6 mai 2000 fixant les conditions d'aptitude médicale des sapeurs-pompiers professionnels et volontaires et les conditions d'exercice de la médecine professionnelle et préventive au sein des services départementaux d'incendie et de secours		JORFTEXT000000765094
arrêté du 7 décembre 1990 fixant les modalités de la notation des fonctionnaires des services extérieurs de l'administration pénitentiaire		JORFTEXT000000160047
arrêté du 7 septembre 2009 fixant les prescriptions techniques applicables aux installations d'assainissement non collectif recevant une charge brute de pollution organique inférieure ou égale à 1,2 kg/j de dbo5		JORFTEXT000021125109
arrêté du 8 février 1999		JORFTEXT000000576301
arrêté du 8 février 1999)		JORFTEXT000000392330
arrêté du 8 janvier 2018 relatif aux commissions consultatives paritaires compétentes à l'égard des agents contractuels de la fonction publique hospitalière		JORFTEXT000036520781
arrêté du 8 octobre 2018 fixant les règles générales de détention d'animaux d'espèces non domestiques		JORFTEXT000037491137
arrêté du 8 septembre 2009 portant approbation du cahier des clauses administratives générales applicables aux marchés publics de travaux		JORFTEXT000021089735
arrêté du 9 décembre 2010 relatif à l'attribution de ristournes sur la cotisation ou d'avances ou de subventions ou à l'imposition de cotisations supplémentaires en matière d'accidents du travail ou de maladies professionnelles		JORFTEXT000023233628
arrêté du 9 février 2009 relatif aux modalités d'immatriculation des véhicules		JORFTEXT000020237165
arrêté du 9 novembre 2011 relatif aux conditions d'établissement et de transmission des avis rendus		JORFTEXT000024941117
bgb		gesetze-im-internet.de/bgb
bürgerlichen gesetzbuche		gesetze-im-internet.de/bgb
bürgerlichen gesetzbuches		gesetze-im-internet.de/bgb
bürgerliches gesetzbuch		gesetze-im-internet.de/bgb
c pc		LEGITEXT000006070716
c.p.c		LEGITEXT000006070716
cedh		JORFTEXT000000886019
cesdh		JORFTEXT000000886019
ceseda		LEGITEXT000006070158
cgi		LEGITEXT000006069577
charte de l'environnement		JORFTEXT000000790249
charte de l'union européenne		EU/CHARTER
charte des droit fondamentaux de l'union européenne		EU/CHARTER
charte des droits de l'union européenne		EU/CHARTER
charte des droits fondamentaux		EU/CHARTER
charte des droits fondamentaux (article 6		EU/CHARTER
charte des droits fondamentaux (voir		EU/CHARTER
charte des droits fondamentaux admet toutefois des limitations à l'exercice des droits consacrés		EU/CHARTER
charte des droits fondamentaux de i'union européenne du 18 décembre 2000		EU/CHARTER
charte des droits fondamentaux de l'ue		EU/CHARTER
charte des droits fondamentaux de l'ue)		EU/CHARTER
charte des droits fondamentaux de l'union		EU/CHARTER
charte des droits fondamentaux de l'union européenne		EU/CHARTER
charte des droits fondamentaux de l'union européenne ' ii)		EU/CHARTER
charte des droits fondamentaux de l'union européenne ( 12 )		EU/CHARTER
charte des droits fondamentaux de l'union européenne ( 14 )		EU/CHARTER
charte des droits fondamentaux de l'union européenne ( 15 )		EU/CHARTER
charte des droits fondamentaux de l'union européenne ( 16 )		EU/CHARTER
charte des droits fondamentaux de l'union européenne ( 2 )		EU/CHARTER
charte des droits fondamentaux de l'union européenne ( 23 )		EU/CHARTER
charte des droits fondamentaux de l'union européenne ( 28 )		EU/CHARTER
charte des droits fondamentaux de l'union européenne ( 3 )		EU/CHARTER
charte des droits fondamentaux de l'union européenne ( 34 )		EU/CHARTER
charte des droits fondamentaux de l'union européenne ( 4 )		EU/CHARTER
charte des droits fondamentaux de l'union européenne ( 5 )		EU/CHARTER
charte des droits fondamentaux de l'union européenne ( 6 )		EU/CHARTER
charte des droits fondamentaux de l'union européenne ( 7 )		EU/CHARTER
charte des droits fondamentaux de l'union européenne ( 8 )		EU/CHARTER
charte des droits fondamentaux de l'union européenne ( 9 )		EU/CHARTER
charte des droits fondamentaux de l'union européenne (16)		EU/CHARTER
charte des droits fondamentaux de l'union européenne (3)		EU/CHARTER
charte des droits fondamentaux de l'union européenne (8)		EU/CHARTER
charte des droits fondamentaux de l'union européenne (cdfue)		EU/CHARTER
charte des droits fondamentaux de l'union européenne (jo 2007		EU/CHARTER
charte des droits fondamentaux de l'union européenne (jo 2010		EU/CHARTER
charte des droits fondamentaux de l'union européenne (la charte)		EU/CHARTER
charte des droits fondamentaux de l'union européenne (voir		EU/CHARTER
charte des droits fondamentaux de l'union européenne du 18 décembre 2000		EU/CHARTER
charte des droits fondamentaux de l'union européenne du 7 décembre 2000		EU/CHARTER
charte des droits fondamentaux de l'union européenne du 7 décembre 2000 telle		EU/CHARTER
charte des droits fondamentaux de l'union européenne et des articles 3 et suivants de la convention internationale		EU/CHARTER
charte des droits fondamentaux de l'union européenne et des articles 6		EU/CHARTER
charte des droits fondamentaux de l'union européenne et des articles l		EU/CHARTER
charte des droits fondamentaux de l'union européenne et des dispositions de l'article l		EU/CHARTER
charte des droits fondamentaux de l'union européenne et l		EU/CHARTER
charte des droits fondamentaux de l'union européenne et les principes généraux du droit de l'union européenne		EU/CHARTER
charte des droits fondamentaux de l'union européenne et écarter leur application		EU/CHARTER
charte des droits fondamentaux de l'union européenne proclamée le 7 décembre 2000 à nice (jo 2000		EU/CHARTER
charte des droits fondamentaux de l'union européenne proclamée le 7 décembre 2000 à nice (jo c 364		EU/CHARTER
charte des droits fondamentaux de l'union européenne proclamée à nice le 7 décembre 2000 (jo c 364		EU/CHARTER
charte des droits fondamentaux de l'union européenne relatifs		EU/CHARTER
charte des droits fondamentaux de l'union européenne s'impose		EU/CHARTER
charte des droits fondamentaux de l'union européenne tel		EU/CHARTER
charte des droits fondamentaux de l'union européenne)		EU/CHARTER
charte des droits fondamentaux de l'union européennes		EU/CHARTER
charte des droits fondamentaux de l'union-européenne		EU/CHARTER
charte des droits fondamentaux des droits de l'union européenne		EU/CHARTER
charte des droits fondamentaux du droit de l'union européenne		EU/CHARTER
charte des droits fondamentaux et le risque d'une violation de la convention de genève		EU/CHARTER
charte des droits fondamentaux invite implicitement la cour à cette collaboration		EU/CHARTER
charte des droits fondamentaux)		EU/CHARTER
charte européenne des droits fondamentaux		EU/CHARTER
charte sociale		INTL/CSE-REV
charte sociale européenne		INTL/CSE-REV
charte sociale européenne (révisée)		INTL/CSE-REV
charte sociale européenne d'octobre 1961 révisée le 3 mai 1996 et ratifiée		INTL/CSE-REV
charte sociale européenne de 1961		INTL/CSE-REV
charte sociale européenne de 1961 révisée le 3 mai 1996		INTL/CSE-REV
charte sociale européenne de turin		INTL/CSE-REV
charte sociale européenne du 18 octobre 1961		INTL/CSE-REV
charte sociale européenne du 3 mai 1996		INTL/CSE-REV
charte sociale européenne du 3 mai 1996 ratifiée		INTL/CSE-REV
charte sociale européenne du 3 mai 1996)		INTL/CSE-REV
charte sociale européenne révisée		INTL/CSE-REV
charte sociale européenne révisée du 3 mai 1996		INTL/CSE-REV
charte sociale européenne révisée le 3 mai 1996		INTL/CSE-REV
charte sociale européenne révisée ratifiée		INTL/CSE-REV
charte sociale européenne)		INTL/CSE-REV
charte sociale européennes		INTL/CSE-REV
cja		LEGITEXT000006070933
cmr		JORFTEXT000000877942
code (code de l'entrée et du séjour des étrangers et du droit d'asile)		LEGITEXT000006070158
code algerien de la nationalite -		african/code-de-la-nationalite-algerienne-dz
code algérien de la famille		jafbase/docMaghreb/Algeriecode_famille.pdf
code algérien de la nationalité		african/code-de-la-nationalite-algerienne-dz
code algérien des familles		jafbase/docMaghreb/Algeriecode_famille.pdf
code b de procédure pénale		LEGITEXT000006071154
code belge des sociétés		belgian/code-des-societes-belge
code ce procédure civile		LEGITEXT000006070716
code cie l'entrée et du séjour des etrangers et du droit d'asile		LEGITEXT000006070158
code civi		LEGITEXT000006070721
code civi l		LEGITEXT000006070721
code civi1		LEGITEXT000006070721
code civiel		LEGITEXT000006070721
code civii		LEGITEXT000006070721
code civiil		LEGITEXT000006070721
code civil algérien		clr.africanchildforum.org/DZA-code-civil-75-58
code civil de la fédération de russie		zakonrf.info/gk
code civil guinéen avant sa		jafbase/docAfrique/Guinee/Code-civil-de-2019.pdf
code civil guinéen ce		jafbase/docAfrique/Guinee/Code-civil-de-2019.pdf
code civil guinéen cependant		jafbase/docAfrique/Guinee/Code-civil-de-2019.pdf
code civil guinéen concernant la déchéance de l'autorité parentale		jafbase/docAfrique/Guinee/Code-civil-de-2019.pdf
code civil guinéen définissant le domicile comme le lieu de la demeure habituelle d'une personne et celui du centre de ses intérêts		jafbase/docAfrique/Guinee/Code-civil-de-2019.pdf
code civil guinéen et des dispositions du ii de l'article 16 de la loi du 23 mars 2019 de programmation et de réforme		jafbase/docAfrique/Guinee/Code-civil-de-2019.pdf
code civil guinéen relatif aux actes de l'état civil		jafbase/docAfrique/Guinee/Code-civil-de-2019.pdf
code civil guinéen éclairé		jafbase/docAfrique/Guinee/Code-civil-de-2019.pdf
code civil haïtien		foreign/code-civil-haitien-ht
code civil italien)		brocardi.it/codice-civile
code civil local		gesetze-im-internet.de/bgb
code civil marocain		rabat.eregulations.org/MAR-DOC-1913
code civil suisse des obligations		fedlex/eli/cc/27/317_321_377
code civil égyptien sur la question de la détermination du statut juridique d'une société étrangère		foreign/code-civil-egyptien-eg
code civile égyptien		foreign/code-civil-egyptien-eg
code civiol		LEGITEXT000006070721
code civit		LEGITEXT000006070721
code comorien de la famille		jafbase/docAfrique/Comores/code de la famille comorien.pdf
code cénéral des impôts'		LEGITEXT000006069577
code d e procédure pénale		LEGITEXT000006071154
code d el'entrée et du séjour des étrangers et du droit d'asile		LEGITEXT000006070158
code d eprocédure civile		LEGITEXT000006070716
code d eprocédure pénale		LEGITEXT000006071154
code d'entré et du séjour des étrangers et du droit d'asile		LEGITEXT000006070158
code d'entrée et de sortie des étrangers et du droit d'asile		LEGITEXT000006070158
code d'entrée et de séjour des étrangers		LEGITEXT000006070158
code d'entrée et de séjour des étrangers et des demandeurs d'asile		LEGITEXT000006070158
code d'entrée et de séjour des étrangers et du droit d'asile		LEGITEXT000006070158
code d'entrée et de séjour des étrangers et du droit d'asile aux termes		LEGITEXT000006070158
code d'entrée et du séjour des étrangers et du droit d'asile incrimine le délit d'aide		LEGITEXT000006070158
code dc procédure civile		LEGITEXT000006070716
code de 1' entrée et du séjour des étrangers et du droit d'asile (ceseda)		LEGITEXT000006070158
code de 1'entrée et du séjour des étrangers et du droit d'asile (ceseda)		LEGITEXT000006070158
code de 1'entrée et du séjour des étrangers et du droit d'asile, à peine irrecevabilité		LEGITEXT000006070158
code de 1°entrée et du séjour des étrangers et du droit d'asile		LEGITEXT000006070158
code de b procédure pénale		LEGITEXT000006071154
code de commercce		LEGITEXT000005634379
code de commercre		LEGITEXT000005634379
code de droit économique		belgian/code-de-droit-economique
code de i'entrée et du séjour des étrangers		LEGITEXT000006070158
code de i'entrée et du séjour des étrangers et du droit d'asiie (ceseda)		LEGITEXT000006070158
code de i'entrée et du séjour des étrangers et du droit d'asile		LEGITEXT000006070158
code de i'entrée et du séjour des étrangers et du droit d'asile punit d'une peine de trois ans d'emprisonnement ce délit spécifique résultant du fait		LEGITEXT000006070158
code de l 'entrée et du séjour des étrangers et du droit d'asile intimé		LEGITEXT000006070158
code de l entrée et du séjour des étrangers et du droit d asile la prolongation de la rétention de l intéressé		LEGITEXT000006070158
code de l' entrée et du séjour des étrangers et du droit d'asile à l'issue de la dernière prolongation		LEGITEXT000006070158
code de l' entrée et séjour des étrangers		LEGITEXT000006070158
code de l'accès et du séjour des étrangers et du droit d'asile		LEGITEXT000006070158
code de l'action social et des familles		LEGITEXT000006074069
code de l'en- trée et du séjour des étrangers et du droit d'asile		LEGITEXT000006070158
code de l'enrtée et du séjour des étrangers et du droit d'asile		LEGITEXT000006070158
code de l'entre et du séjour des étrangers et du droit d'asile		LEGITEXT000006070158
code de l'entre et du séjour des étrangers et du droit d'asile (ceseda)		LEGITEXT000006070158
code de l'entre'e et du sejour des étrangers et du droit d'asile		LEGITEXT000006070158
code de l'entré et d séjour des étrangers et du droit d'asile		LEGITEXT000006070158
code de l'entré et du séjour des étrangers et du droit d'asile sans se voir remettre le récépissé prévu		LEGITEXT000006070158
code de l'entré et du séjour des étrangers et du droit d'asile, à l'erreur de droit et l'erreur manifeste d'appréciation commise		LEGITEXT000006070158
code de l'entrée cl du séjour des étrangers et du droit d'asile		LEGITEXT000006070158
code de l'entrée ct du séjour des étrangers et du droit d'asile		LEGITEXT000006070158
code de l'entrée des étrangers et du droit d'asile		LEGITEXT000006070158
code de l'entrée det du séjour des étrangers et du droit d'asile		LEGITEXT000006070158
code de l'entrée du code de l'entrée et du séjour des étrangers et du droit d'asile		LEGITEXT000006070158
code de l'entrée du séjour des étrangers et du droit d'asile (ceseda)		LEGITEXT000006070158
code de l'entrée du séjour des étrangers et du droit d'asile disposent		LEGITEXT000006070158
code de l'entrée du séjour des étrangers et du droit d'asile le maintien		LEGITEXT000006070158
code de l'entrée du séjour et du droit d'asile		LEGITEXT000006070158
code de l'entrée du séjour et du séjour des étrangers et du droit d'asile		LEGITEXT000006070158
code de l'entrée e du séjour des étrangers et du droit d'asile		LEGITEXT000006070158
code de l'entrée et dc séjour des etrangers et du droit d'asile		LEGITEXT000006070158
code de l'entrée et ddu séjour des étrangers et du droit d'asile		LEGITEXT000006070158
code de l'entrée et de séjour et du droit d'asile		LEGITEXT000006070158
code de l'entrée et des étrangers et du droit d'asile		LEGITEXT000006070158
code de l'entrée et du c des étrangers et du droit d'asile		LEGITEXT000006070158
code de l'entrée et du déjour des étrangers et du droit d'asile (ceseda)		LEGITEXT000006070158
code de l'entrée et du désjour des étrangers et du droit d'asile		LEGITEXT000006070158
code de l'entrée et du eéjour des étrangers et du droit d'asile		LEGITEXT000006070158
code de l'entrée et du sjéour des étrangers et du droit d'asile et sanctionné		LEGITEXT000006070158
code de l'entrée et du séejour des étrangers et du droit d'asile		LEGITEXT000006070158
code de l'entrée et du séiour des étrangers et du droit d'asile un étranger		LEGITEXT000006070158
code de l'entrée et du séiour des étrançiers et du droit d'asile		LEGITEXT000006070158
code de l'entrée et du séjour de l'entrée et du droit d'asile		LEGITEXT000006070158
code de l'entrée et du séjour de l'étranger et du droit d'asile, à titre subsidiaire		LEGITEXT000006070158
code de l'entrée et du séjour de sétrangers et du droit d'asile		LEGITEXT000006070158
code de l'entrée et du séjour de étrangers et du droit d'asile		LEGITEXT000006070158
code de l'entrée et du séjour de étrangers et du droit d'asile correspond à l'hypothèse posée		LEGITEXT000006070158
code de l'entrée et du séjour de étrangers et du droit d'asile et l'erreur manifeste d'appréciation		LEGITEXT000006070158
code de l'entrée et du séjour des 'etrangers		LEGITEXT000006070158
code de l'entrée et du séjour des atrangers et du droit d'asile telles		LEGITEXT000006070158
code de l'entrée et du séjour des droits des étrangers et du droit d'asile		LEGITEXT000006070158
code de l'entrée et du séjour des du droit d'asile		LEGITEXT000006070158
code de l'entrée et du séjour des entrées		LEGITEXT000006070158
code de l'entrée et du séjour des entrées et du droit d'asile		LEGITEXT000006070158
code de l'entrée et du séjour des salariés et du droit d'asile		LEGITEXT000006070158
code de l'entrée et du séjour des térangers et du droit d'asile		LEGITEXT000006070158
code de l'entrée et du séjour des érangers et du droit d'asile		LEGITEXT000006070158
code de l'entrée et du séjour des étangers et du droit d'asile		LEGITEXT000006070158
code de l'entrée et du séjour des étangers et du droit d'asile, 'un étranger		LEGITEXT000006070158
code de l'entrée et du séjour des étarngers et du droit d'asile		LEGITEXT000006070158
code de l'entrée et du séjour des étragers et du droit d'asile		LEGITEXT000006070158
code de l'entrée et du séjour des étragners et du droit d'asile		LEGITEXT000006070158
code de l'entrée et du séjour des étrahngers et du droit d'asile		LEGITEXT000006070158
code de l'entrée et du séjour des étran gers et du droit d'asile		LEGITEXT000006070158
code de l'entrée et du séjour des étranegsr et du droit d'asile		LEGITEXT000006070158
code de l'entrée et du séjour des étranger et du droit d'asile		LEGITEXT000006070158
code de l'entrée et du séjour des étranger et du droit d'asile constitue une décision faisant grief		LEGITEXT000006070158
code de l'entrée et du séjour des étranger et du droit d'asile définissent		LEGITEXT000006070158
code de l'entrée et du séjour des étranger et du droit d'asile il s'était fondé		LEGITEXT000006070158
code de l'entrée et du séjour des étranger s et du droit d'asile		LEGITEXT000006070158
code de l'entrée et du séjour des étranger set du droit d'asile		LEGITEXT000006070158
code de l'entrée et du séjour des étrangeret du droit d'asile		LEGITEXT000006070158
code de l'entrée et du séjour des étranges et du droit d'asile et elle		LEGITEXT000006070158
code de l'entrée et du séjour des étransgers et du droit d'asile (cesada		LEGITEXT000006070158
code de l'entrée et du séjour des étrantarn et garonne et du droit d'asile		LEGITEXT000006070158
code de l'entrée et du séjour des étranters et du droit d'asile		LEGITEXT000006070158
code de l'entrée et du séjour des étrnagers et du droit d'asile		LEGITEXT000006070158
code de l'entrée et du séjour des étrnagers et du droit d'asile, 'à titre exceptionnel		LEGITEXT000006070158
code de l'entrée et du séjour des étrtangers et du droit d'asile		LEGITEXT000006070158
code de l'entrée et du séjour desétrangers et du droit d'asile		LEGITEXT000006070158
code de l'entrée et du séjour dse étrangers et du droit d'asile		LEGITEXT000006070158
code de l'entrée et du séjour du code de l'entrée et du séjour des étrangers et du droit d'asile		LEGITEXT000006070158
code de l'entrée et du séjour du droit d'asile		LEGITEXT000006070158
code de l'entrée et du séjour du droit des étrangers et du d'asile		LEGITEXT000006070158
code de l'entrée et du séjour du droit des étrangers et du droit d'asile		LEGITEXT000006070158
code de l'entrée et du séjour et de droit d'asile		LEGITEXT000006070158
code de l'entrée et du séjour et des étrangers et du droit d'asile (ceseda)		LEGITEXT000006070158
code de l'entrée et du séjour et du droit d'asile des étrangers		LEGITEXT000006070158
code de l'entrée et du séjour et du droit d'asile réprimant le délit de séjour irrégulier		LEGITEXT000006070158
code de l'entrée et du séjour ses étrangers et du droit d'asile		LEGITEXT000006070158
code de l'entrée et du séjourdes étrangers et du droit d'asile (ceseda) le juge des libertés		LEGITEXT000006070158
code de l'entrée et du séjours des étrangers		LEGITEXT000006070158
code de l'entrée et du séjours des étrangers et du droit d'asile il		LEGITEXT000006070158
code de l'entrée et du séjours et du droit d'asile		LEGITEXT000006070158
code de l'entrée et du séjout des étrangers et du droit d'asile		LEGITEXT000006070158
code de l'entrée et du séour des étrangers et du droit d'asile		LEGITEXT000006070158
code de l'entrée et dus séjour des étrangers et du droit d'asile		LEGITEXT000006070158
code de l'entrée et duséjour des étrangers et du droit d'asile		LEGITEXT000006070158
code de l'entrée et il séjour des étrangers et du droit d'asile		LEGITEXT000006070158
code de l'entrée et su séjour des étrangers et du droit d'asile		LEGITEXT000006070158
code de l'entrée et séjour des étrangers et du code d'asile		LEGITEXT000006070158
code de l'entrée et séjour des étrangers et du droit d'asile -		LEGITEXT000006070158
code de l'entrée et séjour des étrangers et du droit d'asile alors même		LEGITEXT000006070158
code de l'entrée et séjour des étrangers et du droit d'asile cité		LEGITEXT000006070158
code de l'entrée et séjour des étrangers et du séjour des étrangers et du droit d'asile		LEGITEXT000006070158
code de l'entrée et séjours des étrangers et du droit d'asile (ceseda)		LEGITEXT000006070158
code de l'entrée eu du séjour des étrangers et du droit d'asile		LEGITEXT000006070158
code de l'entrée te du séjour des étrangers et du droit d'asile		LEGITEXT000006070158
code de l'entrée tet du séjour des étrangers et du droit d'asile		LEGITEXT000006070158
code de l'entée et du séjour des étrangers et du droit d'asile depuis		LEGITEXT000006070158
code de l'entére et du séjour des étrangers et du droit d'asile		LEGITEXT000006070158
code de l'état civil ivoirien		jafbase/docAfrique/CotedIvoire/Cote-dIvoire-état civil.pdf
code de l'étranger et du séjour des étrangers		LEGITEXT000006070158
code de l'étranger et du séjour des étrangers et du droit d'asile		LEGITEXT000006070158
code de l4entrée et du séjour des étrangers et du droit d'asile		LEGITEXT000006070158
code de la construction de l'habitat		LEGITEXT000006074096
code de la construction de l'habitation)		LEGITEXT000006074096
code de la construction du code de la construction		LEGITEXT000006074096
code de la construction e de l'habitation		LEGITEXT000006074096
code de la construction et dc l'habitation		LEGITEXT000006074096
code de la construction et de /'habitation		LEGITEXT000006074096
code de la construction et de 1'habitation		LEGITEXT000006074096
code de la construction et de i 'habitation		LEGITEXT000006074096
code de la construction et de i'habitation		LEGITEXT000006074096
code de la construction et de i'habitatlon et r		LEGITEXT000006074096
code de la construction et de ihabitatlon et r		LEGITEXT000006074096
code de la construction et de l'habitalion		LEGITEXT000006074096
code de la construction et de phabitation		LEGITEXT000006074096
code de la construction et del'habitation		LEGITEXT000006074096
code de la construction et e l'habitation		LEGITEXT000006074096
code de la construction et l'habitat		LEGITEXT000006074096
code de la construction etde l'habitation		LEGITEXT000006074096
code de la construction te de l'habitation		LEGITEXT000006074096
code de la construction)		LEGITEXT000006074096
code de la constructionet de l'habitation		LEGITEXT000006074096
code de la constructions		LEGITEXT000006074096
code de la famille (rd congo)		jafbase/docAfrique/Congos/RDC Congo code famille 1987.pdf
code de la famille algérienne		jafbase/docMaghreb/Algeriecode_famille.pdf
code de la famille béninois		jafbase/docAfrique/Benin/Benin_Family_Code.pdf
code de la famille comorien du 3 juin 2005		jafbase/docAfrique/Comores/code de la famille comorien.pdf
code de la famille comorien)		jafbase/docAfrique/Comores/code de la famille comorien.pdf
code de la famille comorienne		jafbase/docAfrique/Comores/code de la famille comorien.pdf
code de la famille congolais		jafbase/docAfrique/Congos/RDC Congo code famille 1987.pdf
code de la famille de la république centrafricaine		jafbase/docAfrique/Centrafrique/code de la famille.pdf
code de la famille de la république du congo		jafbase/docAfrique/Congos/Brazzaville code famille 1984.pdf
code de la famille de la république démocratique du congo		jafbase/docAfrique/Congos/RDC Congo code famille 1987.pdf
code de la famille des comores		jafbase/docAfrique/Comores/code de la famille comorien.pdf
code de la famille du maroc		jafbase/docMaghreb/MarocCodeFam-oct2005.pdf
code de la famille du royaume du maroc		jafbase/docMaghreb/MarocCodeFam-oct2005.pdf
code de la famille du sénégal		jafbase/docAfrique/Senegal/CODE_FAMILLE sénégal 2018.pdf
code de la famille marocain de		jafbase/docMaghreb/MarocCodeFam-oct2005.pdf
code de la famille marocain dit		jafbase/docMaghreb/MarocCodeFam-oct2005.pdf
code de la famille marocain entre		jafbase/docMaghreb/MarocCodeFam-oct2005.pdf
code de la famille marocain le divorce		jafbase/docMaghreb/MarocCodeFam-oct2005.pdf
code de la famille marocain le divorce d'entre les époux		jafbase/docMaghreb/MarocCodeFam-oct2005.pdf
code de la famille marocain le divorce de		jafbase/docMaghreb/MarocCodeFam-oct2005.pdf
code de la famille marocain promulgué		jafbase/docMaghreb/MarocCodeFam-oct2005.pdf
code de la famille marocain tel		jafbase/docMaghreb/MarocCodeFam-oct2005.pdf
code de la famille marocaine		jafbase/docMaghreb/MarocCodeFam-oct2005.pdf
code de la famille sénégalais (pièce 3 du ministère public)		jafbase/docAfrique/Senegal/CODE_FAMILLE sénégal 2018.pdf
code de la famille sénégalais et rédigé sous la forme usitée		jafbase/docAfrique/Senegal/CODE_FAMILLE sénégal 2018.pdf
code de la famille sénégalais issu de la loi n° 72-61 du 12 juin 1972		jafbase/docAfrique/Senegal/CODE_FAMILLE sénégal 2018.pdf
code de la famille sénégalais issu de la loi n° 72-61 du 12 juin1972		jafbase/docAfrique/Senegal/CODE_FAMILLE sénégal 2018.pdf
code de la famille sénégalais issue de la loi n° 72-61 du 12 juin 1972		jafbase/docAfrique/Senegal/CODE_FAMILLE sénégal 2018.pdf
code de la famille sénégalais établie		jafbase/docAfrique/Senegal/CODE_FAMILLE sénégal 2018.pdf
code de la famille sénégalaise		jafbase/docAfrique/Senegal/CODE_FAMILLE sénégal 2018.pdf
code de la justice administrative		LEGITEXT000006070933
code de la nationalite algerienne		african/code-de-la-nationalite-algerienne-dz
code de la parenté malien		jafbase/docAfrique/Mali/Code_des_Personnes_et_de_la_Famille nouveau.pdf
code de la santé public précité		LEGITEXT000006072665
code de la santé public)		LEGITEXT000006072665
code de la santé publiq ue		LEGITEXT000006072665
code de la santé publiqe		LEGITEXT000006072665
code de la santé publiqu edispose		LEGITEXT000006072665
code de la sécurité ociale		LEGITEXT000006073189
code de la sécurité scoiale		LEGITEXT000006073189
code de la sécurité so-ciale		LEGITEXT000006073189
code de la sécurité socale		LEGITEXT000006073189
code de la sécurité socia		LEGITEXT000006073189
code de la sécurité-sociale		LEGITEXT000006073189
code de la sécuritésociale		LEGITEXT000006073189
code de le code de l'entrée et du séjour des étrangers et du droit d'asile		LEGITEXT000006070158
code de lentree et du séjour des étrangers et du droit d'asile		LEGITEXT000006070158
code de l°entre'e et du séjour des étrangers et du droit d°asile		LEGITEXT000006070158
code de l°entrée et du séjour des étrangers et du droit d'asile		LEGITEXT000006070158
code de pentrée et du séjour des étrangers et du droit d'asile		LEGITEXT000006070158
code de proc dure civile		LEGITEXT000006070716
code de proc ure civile		LEGITEXT000006070716
code de proc édure civile		LEGITEXT000006070716
code de procdure civile		LEGITEXT000006070716
code de procdéure civile		LEGITEXT000006070716
code de proce dure civile		LEGITEXT000006070716
code de proce'dure civile		LEGITEXT000006070716
code de procedur penale		LEGITEXT000006071154
code de procure civile		LEGITEXT000006070716
code de procé dure civile		LEGITEXT000006070716
code de procé-dure civile		LEGITEXT000006070716
code de procécure civile		LEGITEXT000006070716
code de procécure pénale		LEGITEXT000006071154
code de procédire civile		LEGITEXT000006070716
code de procédlure civile		LEGITEXT000006070716
code de procédre civile		LEGITEXT000006070716
code de procédue civile		LEGITEXT000006070716
code de procédue civile)		LEGITEXT000006070716
code de procédue pénale		LEGITEXT000006071154
code de procédur civile		LEGITEXT000006070716
code de procédure b pénale		LEGITEXT000006071154
code de procédure ci-vile		LEGITEXT000006070716
code de procédure ci-vile)		LEGITEXT000006070716
code de procédure ciivle		LEGITEXT000006070716
code de procédure civi le		LEGITEXT000006070716
code de procédure civi1e		LEGITEXT000006070716
code de procédure civie		LEGITEXT000006070716
code de procédure civiel		LEGITEXT000006070716
code de procédure civiie		LEGITEXT000006070716
code de procédure civiile		LEGITEXT000006070716
code de procédure civil		LEGITEXT000006070716
code de procédure civil guinéen		a-mla.org/GIN-CPCEA-1998-D98-100
code de procédure civil guinéen (voir pièce du mp n° 10)		a-mla.org/GIN-CPCEA-1998-D98-100
code de procédure civil guinéen fixent le délai d'appel		a-mla.org/GIN-CPCEA-1998-D98-100
code de procédure civil guinéen ni de désignation du représentant du ministère public		a-mla.org/GIN-CPCEA-1998-D98-100
code de procédure civil italien		brocardi.it/codice-di-procedura-civile
code de procédure civil malien		sgg-mali.ml/CPCCS-1999-maj2009
code de procédure civil marocain		african/code-de-procedure-civile-marocain-ma
code de procédure civile algérien		jafbase/docMaghreb/algerie code procedure.pdf
code de procédure civile camerounais		african/code-procedure-civile-commerciale-camerounais-cm
code de procédure civile de la république démocratique du congo		african/code-procedure-civile-congolais-rdc-cd
code de procédure civile et administrative algérien		jafbase/docMaghreb/algerie code procedure.pdf
code de procédure civile et commerciale camerounais		african/code-procedure-civile-commerciale-camerounais-cm
code de procédure civile et économique guinéen		a-mla.org/GIN-CPCEA-1998-D98-100
code de procédure civile guinéen		a-mla.org/GIN-CPCEA-1998-D98-100
code de procédure civile guinéen visant cette exigence		a-mla.org/GIN-CPCEA-1998-D98-100
code de procédure civile malien		sgg-mali.ml/CPCCS-1999-maj2009
code de procédure civile économique et administrative guinéen		a-mla.org/GIN-CPCEA-1998-D98-100
code de procédure civile économique et administrative guinéen aux termes		a-mla.org/GIN-CPCEA-1998-D98-100
code de procédure civile économique guinéen		a-mla.org/GIN-CPCEA-1998-D98-100
code de procédure civile, économique et administrative guinéen		a-mla.org/GIN-CPCEA-1998-D98-100
code de procédure civille		LEGITEXT000006070716
code de procédure civilme		LEGITEXT000006070716
code de procédure civle		LEGITEXT000006070716
code de procédure de procédure civile		LEGITEXT000006070716
code de procédurecivile		LEGITEXT000006070716
code de procédurecivile)		LEGITEXT000006070716
code de procéedure civile		LEGITEXT000006070716
code de procéudre civile		LEGITEXT000006070716
code de procéure civile		LEGITEXT000006070716
code de procéédure civile		LEGITEXT000006070716
code de rentrée et du séjour des étrangers et du droit d'asile		LEGITEXT000006070158
code de sécurité sociale		LEGITEXT000006073189
code de t'entrée et du séjour des étrangers et du droit d'asile		LEGITEXT000006070158
code de ventrée et du séjour des étrangers et du droit d'asile		LEGITEXT000006070158
code de1'entrée et du séjour des étrangers et du droit d'asile (ceseda)		LEGITEXT000006070158
code del'entrée et du séjour des étrangers et du droit d'asile		LEGITEXT000006070158
code deprocédure civile		LEGITEXT000006070716
code deprocédure civile)		LEGITEXT000006070716
code deprocédure pénale		LEGITEXT000006071154
code des impôts de la nouvelle calédonie		NC/CODE-IMPOTS
code des impôts de la nouvelle-calédonie suivants		NC/CODE-IMPOTS
code des impôts de nouvelle calédonie		NC/CODE-IMPOTS
code des impôts de nouvelle-calédonie		NC/CODE-IMPOTS
code des impôts du territoire de nouvelle-calédonie		NC/CODE-IMPOTS
code des marchés financiers		LEGITEXT000006072026
code des marchés publics		LEGITEXT000005627819
code des marchés publics (édition 2006)		LEGITEXT000005627819
code des marchés publics annexé au décret n° 2001-210 du 7 mars 2001		LEGITEXT000006069564
code des marchés publics annexé au décret n° 2004-15 du 7 janvier 2004		LEGITEXT000006072666
code des marchés publics de 1964		LEGITEXT000006069562
code des marchés publics de 2004		LEGITEXT000006072666
code des marchés publics de 2006		LEGITEXT000005627819
code des marchés publics français		LEGITEXT000005627819
code des marchés publics issu de la loi n 85-30 du 9 janvier 1985 applicable aux collectivités territoriales		LEGITEXT000006069562
code des marchés publics issu du décret n° 2001-210 du 7 mars 2001		LEGITEXT000006069564
code des marchés publics issu du décret n° 2006-975 du 1er août 2006		LEGITEXT000005627819
code des marchés publics issue du décret n° 2001-210 du 7 mars 2001		LEGITEXT000006069564
code des marchés publics résultant du décret du 7 mars 2001		LEGITEXT000006069564
code des marchés publics)		LEGITEXT000005627819
code des obligation suisse		fedlex/eli/cc/27/317_321_377
code des obligation suisses		fedlex/eli/cc/27/317_321_377
code des obligations		fedlex/eli/cc/27/317_321_377
code des obligations (co)		fedlex/eli/cc/27/317_321_377
code des obligations (co) suisse		fedlex/eli/cc/27/317_321_377
code des obligations et des contrats marocains		rabat.eregulations.org/MAR-DOC-1913
code des obligations suisse		fedlex/eli/cc/27/317_321_377
code des obligations suisses		fedlex/eli/cc/27/317_321_377
code des obligations)		fedlex/eli/cc/27/317_321_377
code des personnes et de la famille du mali		jafbase/docAfrique/Mali/Code_des_Personnes_et_de_la_Famille nouveau.pdf
code des sociétés		belgian/code-des-societes-belge
code des sociétés belges		belgian/code-des-societes-belge
code des étrangers et du droit d'asile		LEGITEXT000006070158
code des étrangers et du droit d'asile (ceseda)		LEGITEXT000006070158
code des étrangers et du séjour et du droit d'asile		LEGITEXT000006070158
code du code de justice administrative		LEGITEXT000006070933
code du code de l'entrée et du séjour des étrangers et du droit d'asile		LEGITEXT000006070158
code du code de l'entrée et du séjour des étrangers et du droit d'asile et du 1		LEGITEXT000006070158
code du code de la famille marocain		jafbase/docMaghreb/MarocCodeFam-oct2005.pdf
code du code de la sécurité sociale		LEGITEXT000006073189
code du code de procédure civile		LEGITEXT000006070716
code du code de procédure pénale		LEGITEXT000006071154
code du commerce		LEGITEXT000005634379
code du droit d'entrée et du séjour des étrangers et du droit d'asile		LEGITEXT000006070158
code du droit d'entrée et du séjour des étrangers et du droit d'asile (ceseda)		LEGITEXT000006070158
code du procédure civile guinéen cité		a-mla.org/GIN-CPCEA-1998-D98-100
code du statut personnel tunisien)		jafbase/docMaghreb/TunisieStatutpersonnel.PDF
code du séjour de l'entrée et du séjour des étrangers et du droit d'asile		LEGITEXT000006070158
code du séjour de l'étranger et du droit d'asile		LEGITEXT000006070158
code du séjour des étrangers et du droit de l'asile		LEGITEXT000006070158
code du séjour et de l'entrée des étrangers et du droit d'asile		LEGITEXT000006070158
code du travai1		LEGITEXT000006072050
code du travaii		LEGITEXT000006072050
code du travait		LEGITEXT000006072050
code du travaiul		LEGITEXT000006072050
code e l'entrée et du séjour des étrangers et du droit d'asile		LEGITEXT000006070158
code e procédure civile		LEGITEXT000006070716
code e procédure pénale		LEGITEXT000006071154
code et du séjour des étrangers et du droit d'asile		LEGITEXT000006070158
code français de procédure pénale		LEGITEXT000006071154
code français des assurances		LEGITEXT000006073984
code frontières schengen		EU/REG/2016-399
code frontières schengen ( 2 )		EU/REG/2016-399
code frontières schengen disposait		EU/REG/2016-399
code frontières schengen précisait		EU/REG/2016-399
code ge'ne'ral des impôts		LEGITEXT000006069577
code genera des impots		LEGITEXT000006069577
code generak des impots		LEGITEXT000006069577
code genral des impots		LEGITEXT000006069577
code gnéral des impôts		LEGITEXT000006069577
code guinéen de l'enfant		african/code-de-l-enfant-guineen-gn
code génaral des impôts		LEGITEXT000006069577
code génral des impôts		LEGITEXT000006069577
code généal des impôts		LEGITEXT000006069577
code génénal des impôts (cgi)		LEGITEXT000006069577
code généra des impôts		LEGITEXT000006069577
code générai des impôts		LEGITEXT000006069577
code général des collectivités terriroriales		LEGITEXT000006070633
code général des collectivités territo-riales		LEGITEXT000006070633
code général des collectivités territoritales		LEGITEXT000006070633
code général des collectivités terroriales		LEGITEXT000006070633
code général desimpôts		LEGITEXT000006069577
code général ds impôts		LEGITEXT000006069577
code général es impôts		LEGITEXT000006069577
code généraldes impôts		LEGITEXT000006069577
code générale des impôts		LEGITEXT000006069577
code générale des impôts)		LEGITEXT000006069577
code italien de procédure civile		brocardi.it/codice-di-procedura-civile
code judiciaire		belgian/code-judiciaire
code judiciaire belge de 1967		belgian/code-judiciaire
code judiciaire de 1967		belgian/code-judiciaire
code judiciaire)		belgian/code-judiciaire
code l'entrée de l'entrée et du séjour des étrangers et du droit d'asile		LEGITEXT000006070158
code l'entrée et du séjour des étrangers et du droit d'asile		LEGITEXT000006070158
code l'entée et du séjour des étrangers et du droit d'asile		LEGITEXT000006070158
code la famille marocain		jafbase/docMaghreb/MarocCodeFam-oct2005.pdf
code la famille marocain de		jafbase/docMaghreb/MarocCodeFam-oct2005.pdf
code la famille sénégalais		jafbase/docAfrique/Senegal/CODE_FAMILLE sénégal 2018.pdf
code la famille sénégalais et des formes usitées		jafbase/docAfrique/Senegal/CODE_FAMILLE sénégal 2018.pdf
code libanais des obligations et contrats		foreign/code-obligations-contrats-libanais-lb
code libanais des obligations et des contrats		foreign/code-obligations-contrats-libanais-lb
code malien des personnes		jafbase/docAfrique/Mali/Code_des_Personnes_et_de_la_Famille nouveau.pdf
code marocain de la famille		jafbase/docMaghreb/MarocCodeFam-oct2005.pdf
code marocain de la famille le divorce de		jafbase/docMaghreb/MarocCodeFam-oct2005.pdf
code pena		LEGITEXT000006070719
code penal belge		belgian/code-penal-belge
code procédure civil		LEGITEXT000006070716
code procédure civil)		LEGITEXT000006070716
code procédure civile		LEGITEXT000006070716
code procédure civile guinéen		a-mla.org/GIN-CPCEA-1998-D98-100
code procédure civile malien		sgg-mali.ml/CPCCS-1999-maj2009
code procédure pénal		LEGITEXT000006071154
code pénal algérien		policehumanrightsresources.org/DZA-code-penal-1966
code pénal algérien (ordonnance 66-156 du 8 juin 1966)		policehumanrightsresources.org/DZA-code-penal-1966
code pénal applicable camerounais		african/code-penal-camerounais-cm
code relatif à l'entrée et au séjour des étrangers et au droit d'asile		LEGITEXT000006070158
code relatif à l'état civil sénégalais		african/code-etat-civil-senegalais-sn
code rural		LEGITEXT000006071367
code suisse		fedlex/eli/cc/27/317_321_377
code suisse des obligations		fedlex/eli/cc/27/317_321_377
code sénégalais de la famille		jafbase/docAfrique/Senegal/CODE_FAMILLE sénégal 2018.pdf
code territorial des impôts de la nouvelle-calédonie		NC/CODE-IMPOTS
code territorial des impôts de nouvelle-calédonie		NC/CODE-IMPOTS
code tunisien d'incitations aux investissements		cmf.tn/TN-code-incitations-investissements-93-120
code éde procédure pénale		LEGITEXT000006071154
code énéral des impôts		LEGITEXT000006069577
codede procedure penale		LEGITEXT000006071154
codede procédure civile		LEGITEXT000006070716
codede procédure pénale		LEGITEXT000006071154
codegeneral des impots		LEGITEXT000006069577
codegénéral des impôts		LEGITEXT000006069577
constitution		JORFTEXT000000571356
constitution belge du 7 février 1831		mjp.univ-perp.fr/be1994
constitution belge)		mjp.univ-perp.fr/be1994
constitution bulgare de 1991		mjp.univ-perp.fr/bg1991
constitution de la fédération de russie		mjp.univ-perp.fr/ru1993
constitution de la roumanie		mjp.univ-perp.fr/ro2003
constitution de la république de bulgarie		mjp.univ-perp.fr/bg1991
constitution de la république de pologne		mjp.univ-perp.fr/pl1997
constitution de la république hellénique		mjp.univ-perp.fr/gr2019
constitution de la république italienne		cdpc.univ-tln.fr/constit_italie_2022
constitution de la république portugaise		parlamento.pt/CRP-7e-revision-2005
constitution du 4 octobre 1958		JORFTEXT000000571356
constitution espagnole)		mjp.univ-perp.fr/es1978
constitution fédérale)		fedlex/eli/cc/1999/404
constitution hellénique		mjp.univ-perp.fr/gr2019
constitution hellénique)		mjp.univ-perp.fr/gr2019
constitution italienne (34)		cdpc.univ-tln.fr/constit_italie_2022
constitution polonaise de 1997		mjp.univ-perp.fr/pl1997
constitution portugaise du 2 avril 1976		parlamento.pt/CRP-7e-revision-2005
constitution portugaise)		parlamento.pt/CRP-7e-revision-2005
constitution roumaine)		mjp.univ-perp.fr/ro2003
constitution suisse		fedlex/eli/cc/1999/404
constitution)		JORFTEXT000000571356
convention cmr		JORFTEXT000000877942
convention collective de l'immobilier		KALICONT000005635413
convention collective de la banque		KALICONT000005635692
convention collective des banques		KALICONT000005635692
convention collective des bureaux d'études techniques		KALICONT000005635173
convention collective des entreprises de propreté		KALICONT000027172335
convention collective des hôtels		KALICONT000005635534
convention collective des ingénieurs et cadres de la métallurgie		KALICONT000005635842
convention collective des journalistes		KALICONT000005635444
convention collective des organismes de formation		KALICONT000005635435
convention collective des transports routiers		KALICONT000005635624
convention collective des transports routiers)		KALICONT000005635624
convention collective du commerce de détail et de gros à prédominance alimentaire		KALICONT000005635085
convention collective du notariat		KALICONT000005635092
convention collective du personnel des organismes de sécurité sociale		KALICONT000038292684
convention collective nationale de l'hospitalisation privée		KALICONT000005635813
convention collective nationale de l'hospitalisation privée du 18 avril 2002		KALICONT000005635813
convention collective nationale de l'immobilier		KALICONT000005635413
convention collective nationale de la banque		KALICONT000005635692
convention collective nationale de travail des établissements et services		KALICONT000005635407
convention collective nationale de travail du 8 février 1957 du personnel des organismes de sécurité sociale		KALICONT000038292684
convention collective nationale de travail du personnel des banques		KALICONT000005635692
convention collective nationale de travail du personnel des organismes de sécurité sociale		KALICONT000038292684
convention collective nationale de travail du personnel des organismes de sécurité sociale du 8 février 1957		KALICONT000038292684
convention collective nationale des bureaux d'études techniques		KALICONT000005635173
convention collective nationale des entreprises de propreté		KALICONT000027172335
convention collective nationale des entreprises de propreté et services associés		KALICONT000027172335
convention collective nationale des entreprises de propreté et services associés du 26 juillet 2011		KALICONT000027172335
convention collective nationale des entreprises de propreté)		KALICONT000027172335
convention collective nationale des gardiens		KALICONT000005635953
convention collective nationale des hôtels		KALICONT000005635534
convention collective nationale des ingénieurs et cadres de la métallurgie		KALICONT000005635842
convention collective nationale des ingénieurs et cadres de la métallurgie du 13 mars 1972		KALICONT000005635842
convention collective nationale des journalistes		KALICONT000005635444
convention collective nationale des organismes de formation		KALICONT000005635435
convention collective nationale des ouvriers des travaux publics		KALICONT000005635467
convention collective nationale des ouvriers des travaux publics du 15 décembre 1992		KALICONT000005635467
convention collective nationale des salariés du particulier employeur du 24 novembre 1999		KALICONT000005635792
convention collective nationale des services de l'automobile		KALICONT000005635191
convention collective nationale des transports routiers		KALICONT000005635624
convention collective nationale des établissements et services		KALICONT000005635407
convention collective nationale des établissements privés d'hospitalisation		KALICONT000005635234
convention collective nationale du commerce de détail et de gros à prédominance alimentaire		KALICONT000005635085
convention collective nationale du commerce de détail et de gros à prédominance alimentaire du 12 juillet 2001		KALICONT000005635085
convention collective nationale du personnel des banques		KALICONT000005635692
convention collective nationale du personnel des organismes de sécurité sociale		KALICONT000038292684
convention collective nationale du personnel des organismes de sécurité sociale du 8 février 1957		KALICONT000038292684
convention collective nationale du sport		KALICONT000017577652
convention collective syntec		KALICONT000005635173
convention collective syntec)		KALICONT000005635173
convention contre la torture et autres peines ou traitements cruels, inhumains ou dégradants		JORFTEXT000000696345
convention d'application de l'accord de schengen		EU/CAAS
convention d'application de l'accord de schengen du 14 juin 1985		EU/CAAS
convention d'application de l'accord de schengen du 19 juin 1990		EU/CAAS
convention de bruxelles concernant la compétence judiciaire et l'exécution des décisions		EU/CONV-BXL-1968
convention de bruxelles de 1968		EU/CONV-BXL-1968
convention de bruxelles de 1968 concernant la compétence judiciaire et l'exécution des décisions		EU/CONV-BXL-1968
convention de bruxelles du 27 septembre 1968		EU/CONV-BXL-1968
convention de bruxelles du 27 septembre 1968 concernant la compétence judiciaire et l'exécution des décisions en matière civile et commerciale		EU/CONV-BXL-1968
convention de genève		JORFTEXT000000886512
convention de la haye du 13 janvier 2000		JORFTEXT000020020490
convention de la haye du 25 octobre 1980		JORFTEXT000000520694
convention de lugano du 16 septembre 1988		JORFTEXT000000538497
convention de lugano du 26 septembre 1988		JORFTEXT000000538497
convention de new york du 26 janvier 1990		JORFTEXT000000716856
convention de rome du 19 juin 1980		JORFTEXT000000536055
convention de schengen		EU/CAAS
convention de vienne		JORFTEXT000000703898
convention de vienne du 11 avril 1980		JORFTEXT000000703898
convention de vienne sur la vente internationale de marchandises		JORFTEXT000000703898
convention de vienne sur les contrats de vente internationale de marchandises		JORFTEXT000000703898
convention des nations unies contre la torture		JORFTEXT000000696345
convention des nations unies sur les contrats de vente internationale de marchandises		JORFTEXT000000703898
convention du 26 janvier 1990		JORFTEXT000000716856
convention du 27 septembre 1968		EU/CONV-BXL-1968
convention du 27 septembre 1968 concernant la compétence judiciaire et l' exécution des décisions		EU/CONV-BXL-1968
convention du 27 septembre 1968 concernant la compétence judiciaire et l'exécution des décisions		EU/CONV-BXL-1968
convention européenne d'extradition		JORFTEXT000000704420
convention européenne de sauvegarde des droits de l'homme		JORFTEXT000000886019
convention européenne de sauvegarde des droits de l'homme et des libertés fondamentales		JORFTEXT000000886019
convention européenne des droits de l'homme		JORFTEXT000000886019
convention européenne des droits de l'homme et des libertés fondamentales		JORFTEXT000000886019
convention internationale de new-york du 26 janvier 1990		JORFTEXT000000716856
convention internationale des droits de l'enfant		JORFTEXT000000716856
convention internationale relative aux droits de l'enfant		JORFTEXT000000716856
convention relative aux droits de l'enfant		JORFTEXT000000716856
convention sur la loi applicable aux obligations contractuelles		JORFTEXT000000536055
convention sur la protection internationale des adultes de la haye conclue le 13/01/2000		JORFTEXT000020020490
cpc		LEGITEXT000006070716
cpce		LEGITEXT000025024948
cpp		LEGITEXT000006071154
css		LEGITEXT000006073189
cvim		JORFTEXT000000703898
directive 2001/83		EU/DIR/2001-83
directive 2001/83 figurent sous le titre ii de		EU/DIR/2001-83
directive 2001/83 habilite la commission à publier		EU/DIR/2001-83
directive 2001/83 précise		EU/DIR/2001-83
directive 2001/83)		EU/DIR/2001-83
directive 2001/83/ce		EU/DIR/2001-83
directive 2002/83/ce)		JORFTEXT000000340882
directive 2003/87		EU/DIR/2003-87
directive 2003/87 agissant comme lex specialis		EU/DIR/2003-87
directive 2003/87 contient		EU/DIR/2003-87
directive 2003/87 contient les définitions suivantes		EU/DIR/2003-87
directive 2003/87 détermine les secteurs et sous-secteurs considérés comme		EU/DIR/2003-87
directive 2003/87 et du considérant 2 de		EU/DIR/2003-87
directive 2003/87 et l'amende forfaitaire		EU/DIR/2003-87
directive 2003/87 et non pas de l'article 17 de		EU/DIR/2003-87
directive 2003/87 ni aucune autre disposition de cette directive		EU/DIR/2003-87
directive 2003/87 organise les sanctions de la non-restitution		EU/DIR/2003-87
directive 2003/87 se lit comme suit		EU/DIR/2003-87
directive 2003/87)		EU/DIR/2003-87
directive 2003/87, établissant un système d'échange de quotas d'émission de gaz à effet de serre		EU/DIR/2003-87
directive 2003/87/ce du parlement européen et du conseil du 13 octobre 2003		EU/DIR/2003-87
directive 2003/87/ce du parlement européen et du conseil du 13 octobre 2003 établissant un système d'échange de quotas d'émission de gaz à effet de serre dans la communauté et modifiant la directive 96/61/ce du conseil		EU/DIR/2003-87
directive 2003/88		EU/DIR/2003-88
directive 2003/88 5		EU/DIR/2003-88
directive 2003/88 commandent un cumul des droits à congé et à indemnité a) arguments		EU/DIR/2003-88
directive 2003/88 reproduit à l'identique l'article 5 de la directive 93/104 ( 6 )		EU/DIR/2003-88
directive 2003/88/ce		EU/DIR/2003-88
directive 2003/88/ce concernant le repos journalier		EU/DIR/2003-88
directive 2003/88/ce du 4 novembre 2003 concernant certains aspects de l'aménagement du temps de travail		EU/DIR/2003-88
directive 2003/88/ce du 4 novembre 2003 du parlement européen et du conseil		EU/DIR/2003-88
directive 2003/88/ce du 4 novembre 2003 du parlement européen et du conseil concernant certains aspects de l'aménagement du temps de travail		EU/DIR/2003-88
directive 2003/88/ce du parlement européen et du conseil du 4 novembre 2003		EU/DIR/2003-88
directive 2003/88/ce du parlement européen et du conseil du 4 novembre 2003 concernant certains aspects de l'aménagement du temps de travail		EU/DIR/2003-88
directive 2003/88/ce du parlement européen et du conseil du 4 novembre 2003 relative à certains aspects de l'aménagement du temps de travail		EU/DIR/2003-88
directive 2004/17		EU/DIR/2004-17
directive 2004/17 pose une présomption		EU/DIR/2004-17
directive 2004/17/ce du parlement européen et du conseil en date du 31 mars 2004		EU/DIR/2004-17
directive 2004/17/ce et octroyées		EU/DIR/2004-17
directive 2004/18		EU/DIR/2004-18
directive 2004/18 b) sur l'absence d'interdiction générale de se référer à des éco-labels		EU/DIR/2004-18
directive 2004/18 concerne les spécifications techniques		EU/DIR/2004-18
directive 2004/18 fournit une batterie de définitions		EU/DIR/2004-18
directive 2004/18 lu		EU/DIR/2004-18
directive 2004/18 prévoyait, à ses paragraphes 2		EU/DIR/2004-18
directive 2004/18)		EU/DIR/2004-18
directive 2004/18/ce		EU/DIR/2004-18
directive 2004/18/ce du 31 mars 2004		EU/DIR/2004-18
directive 2004/18/ce susvisée du parlement européen et du conseil du 31 mars 2004		EU/DIR/2004-18
directive 2004/38		EU/DIR/2004-38
directive 2004/38 1		EU/DIR/2004-38
directive 2004/38 2) limitation de la portée de l'arrêt singh e		EU/DIR/2004-38
directive 2004/38 du parlement européen et du conseil du 29 avril 2004		EU/DIR/2004-38
directive 2004/38 détermine comme suit l'objet de la directive		EU/DIR/2004-38
directive 2004/38/ce		EU/DIR/2004-38
directive 2004/38/ce du 29 avril 2004		EU/DIR/2004-38
directive 2004/38/ce du 29 avril 2004 du parlement européen et du conseil relative au droit des citoyens de l'union et des membres de leurs familles de circuler et de séjourner librement sur le territoire des états membres		EU/DIR/2004-38
directive 2004/38/ce du 29 avril 2004 relative au droit des citoyens de l'union et des membres de leurs familles de circuler et de séjourner librement sur le territoire des etats membres		EU/DIR/2004-38
directive 2004/38/ce du 29 avril 2004 relative au droit des citoyens de l'union et des membres de leurs familles de circuler et de séjourner librement sur le territoire des états membres		EU/DIR/2004-38
directive 2004/38/ce du parlement et du conseil du 29 avril 2004		EU/DIR/2004-38
directive 2004/38/ce du parlement européen et du conseil		EU/DIR/2004-38
directive 2004/38/ce du parlement européen et du conseil de l'union européenne du 29 avril 2004 relative aux droits des citoyens de l'union et des membres de leurs familles de circuler et de séjourner librement sur le territoire des etats membres		EU/DIR/2004-38
directive 2004/38/ce du parlement européen et du conseil du 29 avril 2004		EU/DIR/2004-38
directive 2004/38/ce du parlement européen et du conseil du 29 avril 2004 relative au droit des citoyens de l'union et des membres de leur famille de circuler et de séjourner librement sur le territoire des etats membres		EU/DIR/2004-38
directive 2004/38/ce du parlement européen et du conseil du 29 avril 2004 relative au droit des citoyens de l'union et des membres de leurs familles de circuler et de séjourner librement sur le territoire des etats membres		EU/DIR/2004-38
directive 2004/38/ce du parlement européen et du conseil du 29 avril 2004 relative au droit des citoyens de l'union et des membres de leurs familles de circuler et de séjourner librement sur le territoire des états membres		EU/DIR/2004-38
directive 2004/38/ce du parlement européen et du conseil du 29 avril 2004 relative au droit des citoyens de l'union européenne et des membres de leurs familles de circuler et de séjourner librement sur le territoire des états membres		EU/DIR/2004-38
directive 2004/38/ce du parlement européen et du conseil du 29 avril 2004 relative aux droits des citoyens de l'union et des membres de leurs familles de circuler et de séjourner librement sur le territoire des etats membres		EU/DIR/2004-38
directive 2004/38/ce du parlement européen et du conseil du 29 avril 2004, relative au droit des citoyens de l'union et des membres de leurs familles de circuler et de séjourner librement sur le territoire des etats membres		EU/DIR/2004-38
directive 2004/38/ce du parlement européen et du conseil du 30 avril 2004		EU/DIR/2004-38
directive 2004/38/ce et des articles l		EU/DIR/2004-38
directive 2005/36		EU/DIR/2005-36
directive 2005/36/ce du 7 septembre 2005		EU/DIR/2005-36
directive 2005/36/ce du 7 septembre 2005 relative à la reconnaissance des qualifications professionnelles		EU/DIR/2005-36
directive 2005/36/ce du parlement européen et du conseil du 7 septembre 2005		EU/DIR/2005-36
directive 2005/36/ce du parlement européen et du conseil du 7 septembre 2005 relative à la reconnaissance des qualifications professionnelles		EU/DIR/2005-36
directive 2005/36/ce relative à la reconnaissance des qualifications professionnelles		EU/DIR/2005-36
directive 2005/85		EU/DIR/2005-85
directive 2005/85/ce		EU/DIR/2005-85
directive 2005/85/ce du 1er décembre 2005		EU/DIR/2005-85
directive 2005/85/ce du 1er décembre 2005 relative aux normes minimales concernant la procédure d'octroi et de retrait du statut de réfugié		EU/DIR/2005-85
directive 2005/85/ce du 1er décembre 2005 relative à des normes minimales concernant la procédure d'octroi et de retrait du statut de réfugié dans les etats membres		EU/DIR/2005-85
directive 2005/85/ce du conseil du 1er décembre 2005		EU/DIR/2005-85
directive 2005/85/ce du conseil du 1er décembre 2005 relative à des normes minimales concernant la procédure d'octroi et de retrait du statut de réfugié dans les etats membres		EU/DIR/2005-85
directive 2005/85/ce du conseil du 1er décembre 2005 relative à des normes minimales concernant la procédure d'octroi et de retrait du statut de réfugié dans les états membres		EU/DIR/2005-85
directive 2006/112		EU/DIR/2006-112
directive 2006/112 ajoute		EU/DIR/2006-112
directive 2006/112 désigne, à titre indicatif		EU/DIR/2006-112
directive 2006/112 et la notion de pratique abusive		EU/DIR/2006-112
directive 2006/112 prévoyait		EU/DIR/2006-112
directive 2006/112 établit une obligation de déplacer le lieu de la prestation		EU/DIR/2006-112
directive 2006/112)		EU/DIR/2006-112
directive 2006/112/ce		EU/DIR/2006-112
directive 2006/112/ce du 28 novembre 2006		EU/DIR/2006-112
directive 2006/112/ce du 28 novembre 2006 relative au système commun de taxe sur la valeur ajoutée		EU/DIR/2006-112
directive 2006/112/ce du conseil du 28 novembre 2006		EU/DIR/2006-112
directive 2006/112/ce du conseil du 28 novembre 2006 relative au système commun de taxe sur la valeur ajoutée		EU/DIR/2006-112
directive 2006/112/ce du conseil du 28 novembre 2006, relative au système commun de taxe sur la valeur ajoutée		EU/DIR/2006-112
directive 2006/112/ce et telles		EU/DIR/2006-112
directive 2006/112/cee		EU/DIR/2006-112
directive 2006/123		EU/DIR/2006-123
directive 2006/123 concernant le régime d'octroi des autorisations		EU/DIR/2006-123
directive 2006/123 contiennent		EU/DIR/2006-123
directive 2006/123 et, à titre subsidiaire		EU/DIR/2006-123
directive 2006/123 figure à la section 2 du chapitre iii de cette directive		EU/DIR/2006-123
directive 2006/123/ce ' 7)		EU/DIR/2006-123
directive 2006/123/ce du 12 décembre 2006		EU/DIR/2006-123
directive 2006/123/ce du 12 décembre 2006 du parlement européen et du conseil, relative aux services dans le marché intérieur		EU/DIR/2006-123
directive 2006/123/ce du 12 décembre 2006 relative aux services dans le marché intérieur		EU/DIR/2006-123
directive 2006/123/ce du parlement et du conseil du 12 décembre 2006		EU/DIR/2006-123
directive 2006/123/ce du parlement européen et du conseil du 12 décembre 2006		EU/DIR/2006-123
directive 2006/123/ce du parlement européen et du conseil du 12 décembre 2006 relative aux services dans le marché intérieur		EU/DIR/2006-123
directive 2006/123/ue		EU/DIR/2006-123
directive 2008/115		EU/DIR/2008-115
directive 2008/115 du parlement européen et du conseil du 16 décembre 2008		EU/DIR/2008-115
directive 2008/115 et consacré à l'article 47		EU/DIR/2008-115
directive 2008/115 établissent des garanties fondamentales		EU/DIR/2008-115
directive 2008/115)		EU/DIR/2008-115
directive 2008/115, à la lumière de l'article 4		EU/DIR/2008-115
directive 2008/115/ce		EU/DIR/2008-115
directive 2008/115/ce du 16 décembre 2008		EU/DIR/2008-115
directive 2008/115/ce du 16 décembre 2008 du parlement européen et du conseil		EU/DIR/2008-115
directive 2008/115/ce du 16 décembre 2008 relative aux normes et procédures communes applicables dans les etats membres au retour des ressortissants de pays tiers en séjour irrégulier		EU/DIR/2008-115
directive 2008/115/ce du 16 décembre 2008 relative aux normes et procédures communes applicables dans les états membres au retour des ressortissants de pays tiers en séjour irrégulier		EU/DIR/2008-115
directive 2008/115/ce du parlement et du conseil du 16 décembre 2008		EU/DIR/2008-115
directive 2008/115/ce du parlement et du conseil du 16 décembre 2008 relative aux normes et procédures communes applicables dans les etats membres au retour des ressortissants de pays tiers en séjour irrégulier		EU/DIR/2008-115
directive 2008/115/ce du parlement européen et du conseil		EU/DIR/2008-115
directive 2008/115/ce du parlement européen et du conseil du		EU/DIR/2008-115
directive 2008/115/ce du parlement européen et du conseil du 16 décembre 2008		EU/DIR/2008-115
directive 2008/115/ce du parlement européen et du conseil du 16 décembre 2008 relative aux normes et procédures applicables dans les etats membres au retour des ressortissants de pays tiers en séjour irrégulier		EU/DIR/2008-115
directive 2008/115/ce du parlement européen et du conseil du 16 décembre 2008 relative aux normes et procédures communes applicables aux etats membres au retour des ressortissants de pays tiers en séjour irrégulier		EU/DIR/2008-115
directive 2008/115/ce du parlement européen et du conseil du 16 décembre 2008 relative aux normes et procédures communes applicables dans les etats membres au retour des ressortissants de pays tiers en séjour irrégulier		EU/DIR/2008-115
directive 2008/115/ce du parlement européen et du conseil du 16 décembre 2008 relative aux normes et procédures communes applicables dans les etats membres au retour des ressortissants des pays tiers en séjour irrégulier		EU/DIR/2008-115
directive 2008/115/ce du parlement européen et du conseil du 16 décembre 2008 relative aux normes et procédures communes applicables dans les états membres au retour des ressortissants de pays tiers en séjour irrégulier		EU/DIR/2008-115
directive 2008/115/ce du parlement européen et du conseil du 16 décembre 2008, relative aux normes et procédures communes applicables dans les etats membres au retour des ressortissants de pays tiers en séjour irrégulier		EU/DIR/2008-115
directive 2008/115/ce du parlement européen et du conseil du 16 décembre 2008, relative aux normes et procédures communes applicables dans les états membres au retour des ressortissants de pays tiers en séjour irrégulier		EU/DIR/2008-115
directive 2008/115/ce du parlement européen et du conseil du 16 décembre 2008, relatives aux normes et procédures communes applicables dans les etats membres au retour des ressortissants de pays tiers en séjour irrégulier		EU/DIR/2008-115
directive 2008/115/ce du parlement européen et du conseil en date du 16 décembre 2008		EU/DIR/2008-115
directive 2008/115/ce et l		EU/DIR/2008-115
directive 2008/115/ce susvisée du 16 décembre 2008		EU/DIR/2008-115
directive 2008/115/ce susvisée du parlement européen et du conseil du 16 décembre 2008		EU/DIR/2008-115
directive 2008/115/ce, du 16 décembre 2008, relative aux normes et procédures communes applicables dans les états membres au retour des ressortissants de pays tiers en séjour irrégulier		EU/DIR/2008-115
directive 2008/115/ue		EU/DIR/2008-115
directive 2008/48		EU/DIR/2008-48
directive 2008/48 a		EU/DIR/2008-48
directive 2008/48 et sur la question de savoir		EU/DIR/2008-48
directive 2008/48 s'applique aux contrats de crédit liés à la fourniture d'un cautionnement		EU/DIR/2008-48
directive 2008/48 s'oppose à l'application d'intérêts		EU/DIR/2008-48
directive 2008/48 s'opposent-elles à une législation		EU/DIR/2008-48
directive 2008/48/ce		EU/DIR/2008-48
directive 2011/95		EU/DIR/2011-95
directive 2011/95/ce		EU/DIR/2011-95
directive 2011/95/ue		EU/DIR/2011-95
directive 2011/95/ue du 13 décembre 2011		EU/DIR/2011-95
directive 2011/95/ue du parlement européen et du conseil du 13 décembre 2011		EU/DIR/2011-95
directive 2011/95/ue susvisée du 13 décembre 2011		EU/DIR/2011-95
directive 2011/95/uesusvisée		EU/DIR/2011-95
directive 2013/32		EU/DIR/2013-32
directive 2013/32)		EU/DIR/2013-32
directive 2013/32/ce		EU/DIR/2013-32
directive 2013/32/ue		EU/DIR/2013-32
directive 2013/32/ue du 26 juin 2013		EU/DIR/2013-32
directive 2013/32/ue du 26 juin 2013 du parlement européen et du conseil		EU/DIR/2013-32
directive 2013/32/ue du 26 juin 2013 du parlement européen et du conseil relative à des procédures communes pour l'octroi et le retrait de la protection internationale		EU/DIR/2013-32
directive 2013/32/ue du 26 juin 2013 relative à des procédures communes pour l'octroi et le retrait de la protection internationale		EU/DIR/2013-32
directive 2013/32/ue du parlement européen et du conseil du 26 juin 2013		EU/DIR/2013-32
directive 2013/32/ue du parlement européen et du conseil du 26 juin 2013 relative à des procédures communes pour l'octroi et le retrait de la protection internationale		EU/DIR/2013-32
directive 2013/32/ue du parlement européen et du conseil du 26 juin 2013 relative à des procédures communes pour l'octroi et le retrait de la protection internationale (refonte)		EU/DIR/2013-32
directive 2013/32/uesusvisée		EU/DIR/2013-32
directive 2013/33		EU/DIR/2013-33
directive 2013/33 contient les définitions		EU/DIR/2013-33
directive 2013/33 du parlement européen et du conseil du 26 juin 2013		EU/DIR/2013-33
directive 2013/33 et celles de l'article 8		EU/DIR/2013-33
directive 2013/33 et l		EU/DIR/2013-33
directive 2013/33)		EU/DIR/2013-33
directive 2013/33/ du 26 juin 2013		EU/DIR/2013-33
directive 2013/33/ce		EU/DIR/2013-33
directive 2013/33/ue		EU/DIR/2013-33
directive 2013/33/ue du 26 juin 2013		EU/DIR/2013-33
directive 2013/33/ue du 26 juin 2013 du parlement européen et du conseil		EU/DIR/2013-33
directive 2013/33/ue du 26 juin 2013 établissant des normes pour l'accueil des personnes demandant la protection internationale		EU/DIR/2013-33
directive 2013/33/ue du parlement et du conseil du 26 juin 2013		EU/DIR/2013-33
directive 2013/33/ue du parlement européen et du conseil		EU/DIR/2013-33
directive 2013/33/ue du parlement européen et du conseil du 26 juin 2013		EU/DIR/2013-33
directive 2013/33/ue du parlement européen et du conseil du 26 juin 2013 établissant des normes pour l'accueil des personnes demandant la protection internationale		EU/DIR/2013-33
directive 2013/33/ue du parlement européen et du conseil du 26 juin 2013 établissant des normes pour l'accueil des personnes demandant la protection internationale (refonte)		EU/DIR/2013-33
directive 2013/33/ue du parlement européen et du conseil, du 26 juin 2013		EU/DIR/2013-33
directive 2013/33/ue et des articles l		EU/DIR/2013-33
directive 2013/33/ue et l		EU/DIR/2013-33
directive 2013/33/ue)		EU/DIR/2013-33
directive 2013/36		EU/DIR/2013-36
directive 2013/36 a) les arguments avancés		EU/DIR/2013-36
directive 2013/36 et des principes généraux de légalité		EU/DIR/2013-36
directive 2013/36 exclue certaines entités du champ d'application de cette directive		EU/DIR/2013-36
directive 2013/36 ni aucune autre disposition de cette directive		EU/DIR/2013-36
directive 2013/36 renvoie à l'article 4		EU/DIR/2013-36
directive 2013/36/ue du parlement européen et du conseil du 26 juin 2013		EU/DIR/2013-36
directive 2014/24		EU/DIR/2014-24
directive 2014/24 2) les marchés réservés		EU/DIR/2014-24
directive 2014/24 aux circonstances de l'affaire		EU/DIR/2014-24
directive 2014/24)		EU/DIR/2014-24
directive 2014/24/ce		EU/DIR/2014-24
directive 2014/24/eu		EU/DIR/2014-24
directive 2014/24/ue		EU/DIR/2014-24
directive 2014/59		EU/DIR/2014-59
directive 2014/59 a		EU/DIR/2014-59
directive 2014/59)		EU/DIR/2014-59
directive 2014/59/ue du 15 mai 2014		EU/DIR/2014-59
directive 2014/59/ue du parlement européen et du conseil du 15 mai 2014		EU/DIR/2014-59
directive 89/391/cee)		JORFTEXT000000333571
directive 93/13		JORFTEXT000000884491
directive 95/46/ce)		JORFTEXT000000697074
directive 97/66/ce)		JORFTEXT000000704475
directive accueil 2013/33/ue		EU/DIR/2013-33
directive communautaire 2008/115/ce		EU/DIR/2008-115
directive communautaire n° 2008/115/ce		EU/DIR/2008-115
directive du 16 décembre 2008		EU/DIR/2008-115
directive du 28 novembre 2006		EU/DIR/2006-112
directive européenne 2008/115/ce du 16 décembre 2008		EU/DIR/2008-115
directive européenne 2011/95/ue du 13 décembre 2011		EU/DIR/2011-95
directive européenne 2011/95/ue du parlement et du conseil du 13 décembre 2011		EU/DIR/2011-95
directive européenne 2013/32/ue du 26 juin 2013		EU/DIR/2013-32
directive européenne 2013/33/ue		EU/DIR/2013-33
directive européenne n° 2004/38/ce		EU/DIR/2004-38
directive européenne n° 2005/36/ce		EU/DIR/2005-36
directive européenne n° 2008/115/ce		EU/DIR/2008-115
directive européenne n° 2013/32/ue du 26 juin 2013		EU/DIR/2013-32
directive européenne n° 2013/33/ue		EU/DIR/2013-33
directive n° 2003/88/ce du 4 novembre 2003 du parlement européen et du conseil concernant certains aspects de l'aménagement du temps de travail		EU/DIR/2003-88
directive n° 2005/36/ce du parlement européen et du conseil du 7 septembre 2005 relative à la reconnaissance des qualifications professionnelles		EU/DIR/2005-36
directive n° 2008-115 et l		EU/DIR/2008-115
directive n° 2008/115/ce du 16 décembre 2008		EU/DIR/2008-115
directive n° 2008/115/ce du parlement européen et du conseil du 16 décembre 2008		EU/DIR/2008-115
directive n° 2008/115/ce du parlement européen et du conseil du 16 décembre 2008 relative aux normes et procédures communes applicables dans les etats membres au retour des ressortissants de pays tiers en séjour irrégulier		EU/DIR/2008-115
directive n° 2008/115/ce du parlement européen et du conseil du 16 décembre 2008 relative aux normes et procédures communes applicables dans les etats membres au retour des ressortissants des pays tiers en séjour irrégulier		EU/DIR/2008-115
directive n° 2008/115/ce du parlement européen et du conseil du 16 décembre 2008 relative aux normes et procédures communes applicables dans les états membres au retour des ressortissants de pays tiers en séjour irrégulier		EU/DIR/2008-115
directive n° 2013/33/ue du parlement européen et du conseil du 26 juin 2013		EU/DIR/2013-33
directive qualification (2011/95/ue)		EU/DIR/2011-95
directive retour 2008/115/ce		EU/DIR/2008-115
directive services 2006/123/ce '		EU/DIR/2006-123
directive susvisée 2005/85		EU/DIR/2005-85
directive susvisée 2008/115/ce du 16 décembre 2008		EU/DIR/2008-115
directive susvisée n° 2008/115/ce du parlement européen et du conseil du 16 décembre 2008		EU/DIR/2008-115
directive tva		EU/DIR/2006-112
directive tva 2006/112/ce du 28 novembre 2006		EU/DIR/2006-112
directive tva)		EU/DIR/2006-112
directives 2006/123/ce du parlement européen et du conseil		EU/DIR/2006-123
déclaration de 1789		JORFTEXT000000697056
déclaration des droits de l'homme de 1789		JORFTEXT000000697056
déclaration des droits de l'homme et du citoyen		JORFTEXT000000697056
déclaration des droits de l'homme et du citoyen de 1789		JORFTEXT000000697056
déclaration des droits de l'homme et du citoyen du 26 août 1789		JORFTEXT000000697056
déclaration universelle des droits de l'homme		JORFTEXT000000878537
décret du 10 décembre 1999 relatif aux sapeurs-pompiers volontaires		JORFTEXT000000397767
décret du 10 juin 1985 relatif à l'hygiène et à la sécurité du travail		JORFTEXT000000700869
décret du 10 mai 2021 relatif aux comités sociaux territoriaux des collectivités territoriales et de leurs établissements publics		JORFTEXT000043492190
décret du 10 mars 1964)		JORFTEXT000000862741
décret du 11 décembre 2001 portant statut particulier du corps des personnels de direction d'établissement d'enseignement ou de formation relevant du ministre de l'éducation nationale		JORFTEXT000000587727
décret du 11 décembre 2019)		JORFTEXT000039481633
décret du 11 novembre 2009 portant dispositions statutaires communes à divers corps de fonctionnaires de la catégorie b de la fonction publique de l'etat		JORFTEXT000021262538
décret du 11 octobre 2011)		JORFTEXT000024662974
décret du 12 décembre 1996)		JORFTEXT000000380009
décret du 12 octobre 1977 pris pour l'application de l'article 2 de la loi n° 76-629 du 10 juillet 1976 relative à la protection de la nature		JORFTEXT000000863649
décret du 12 septembre 2008 fixant certaines dispositions applicables aux élèves militaires des écoles militaires d'élèves officiers de carrière		JORFTEXT000019477192
décret du 12 septembre 2008 portant statut particulier du corps des sous-officiers de gendarmerie		JORFTEXT000019477517
décret du 13 février 2007 relatif aux équivalences de diplômes requises pour se présenter aux concours d'accès aux corps et cadres d'emplois de la fonction publique		JORFTEXT000000272471
décret du 13 janvier 1986 relatif aux positions de détachement, de disponibilité, de congé parental des fonctionnaires territoriaux et à l'intégration		JORFTEXT000000704342
décret du 13 octobre 1988 relatif au régime particulier de certaines positions des fonctionnaires hospitaliers, à l'intégration et à certaines modalités de mise à disposition		JORFTEXT000000871858
décret du 13 octobre 1988 relatif à certaines positions des fonctionnaires hospitaliers		JORFTEXT000000871858
décret du 13 octobre 1994 relatif à la concession et à la déclaration d'utilité publique des ouvrages utilisant l'énergie hydraulique		JORFTEXT000000367955
décret du 13 septembre 2006 portant création de l'etablissement public foncier d'ile-de-france		JORFTEXT000000644074
décret du 13 septembre 2006 portant création de l'établissement public foncier d'ile-de-france		JORFTEXT000000644074
décret du 14 avril 2006 portant statut particulier des corps du personnel de surveillance de l'administration pénitentiaire		JORFTEXT000000241333
décret du 14 janvier 2002 relatif aux indemnités horaires pour travaux supplémentaires		JORFTEXT000000409758
décret du 14 janvier 2020 relatif à la prime de transition énergétique		JORFTEXT000041400291
décret du 14 mars 1986 relatif au recrutement et à la formation des instituteurs		JORFTEXT000000502220
décret du 14 mars 1986 relatif à la désignation des médecins agréés, à l'organisation des conseils médicaux, aux conditions d'aptitude physique pour l'admission aux emplois publics et au régime de congés de maladie des fonctionnaires		JORFTEXT000000884830
décret du 14 octobre 1955)		JORFTEXT000000491272
décret du 14 octobre 1991 relatif à l'exécution de travaux à proximité de certains ouvrages souterrains, aériens ou subaquatiques de transport ou de distribution		JORFTEXT000000537134
décret du 14 septembre 1966 relatif à l'organisation des agences financières de bassin		JORFTEXT000000702442
décret du 15 février 1988 relatif aux agents contractuels de la fonction publique territoriale		JORFTEXT000000871608
décret du 15 février 1988 relatif aux agents non titulaires de la fonction publique territoriale		JORFTEXT000000871608
décret du 15 février 1988)		JORFTEXT000000871608
décret du 15 juillet 1980)		JORFTEXT000000696795
décret du 15 juin 1972)		JORFTEXT000000858004
décret du 15 juin 1994)		JORFTEXT000000548878
décret du 15 novembre 2011 portant dispositions applicables aux agents non titulaires des communes et des groupements de communes de la polynésie française		JORFTEXT000024805508
décret du 15 octobre 2007 relatif à la formation professionnelle tout au long de la vie des fonctionnaires de l'etat		JORFTEXT000000469540
décret du 16 août 1985 relatif aux transports urbains de personnes et aux transports routiers non urbains de personnes		JORFTEXT000000871783
décret du 16 décembre 2014 relatif à l'appréciation de la valeur professionnelle des fonctionnaires territoriaux		JORFTEXT000029918006
décret du 16 juin 2020 relatif au régime particulier d'assurance chômage applicable à certains agents publics et salariés du secteur public		JORFTEXT000042007392
décret du 16 septembre 1985 relatif au régime particulier de certaines positions des fonctionnaires de l'etat et à certaines modalités de cessation définitive de fonctions		JORFTEXT000000502401
décret du 16 septembre 1985 relatif au régime particulier de certaines positions des fonctionnaires de l'etat, à la mise à disposition, à l'intégration et à la cessation définitive de fonctions		JORFTEXT000000502401
décret du 16 septembre 1985 relatif au régime particulier de certaines positions des fonctionnaires de l'état, à la mise à disposition, à l'intégration et à la cessation définitive de fonctions		JORFTEXT000000502401
décret du 17 août 1995 portant application de la loi n° 95-66 du 20 janvier 1995 relative à l'accès à l'activité de conducteur et à la profession d'exploitant de taxi		JORFTEXT000000737295
décret du 17 avril 1989 modifié relatif aux commissions administratives paritaires des collectivités territoriales et de leurs établissements publics		JORFTEXT000000337169
décret du 17 avril 1989 relatif aux commissions administratives paritaires des collectivités territoriales et de leurs établissements publics		JORFTEXT000000337169
décret du 17 janvier 1986 modifié relatif aux dispositions générales applicables aux agents non titulaires de l'etat		JORFTEXT000000699956
décret du 17 janvier 1986 relatif aux dispositions générales applicables aux agents contractuels de l'etat		JORFTEXT000000699956
décret du 17 janvier 1986 relatif aux dispositions générales applicables aux agents contractuels de l'état		JORFTEXT000000699956
décret du 17 janvier 1986 relatif aux dispositions générales applicables aux agents non titulaires de l'etat		JORFTEXT000000699956
décret du 17 janvier 1986)		JORFTEXT000000699956
décret du 17 mars 1967 pris pour l'application de la loi n° 65-557 du 10 juillet 1965 fixant le statut de la copropriété des immeubles bâtis		JORFTEXT000000305770
décret du 17 mars 1967)		JORFTEXT000000305770
décret du 17 octobre 2011 portant statut particulier du corps interministériel des attachés d'administration de l'etat		JORFTEXT000024683056
décret du 17 octobre 2011 portant statut particulier du corps interministériel des attachés d'administration de l'état		JORFTEXT000024683056
décret du 18 avril 1989 portant statuts particuliers des aides-soignants et des agents des services hospitaliers qualifiés de la fonction publique hospitalière		JORFTEXT000000884898
décret du 18 juillet 2003 relatif aux commissions administratives paritaires locales et départementales de la fonction publique hospitalière		JORFTEXT000000786253
décret du 18 juin 2004 relatif à la retraite additionnelle de la fonction publique		JORFTEXT000000803653
décret du 18 septembre 1989 modifié relatif à la procédure disciplinaire applicable aux fonctionnaires territoriaux		JORFTEXT000000335719
décret du 18 septembre 1989 relatif à la procédure disciplinaire applicable aux fonctionnaires territoriaux		JORFTEXT000000335719
décret du 19 avril 1988 relatif aux conditions d'aptitude physique et aux congés de maladie des agents de la fonction publique hospitalière		JORFTEXT000000695289
décret du 19 décembre 1991 portant application de la loi n° 91-647 du 10 juillet 1991 relative à l'aide juridique		JORFTEXT000000721124
décret du 19 décembre 1991)		JORFTEXT000000514675
décret du 19 mai 2016 relatif à l'organisation des carrières des fonctionnaires de catégorie c de la fonction publique hospitalière		JORFTEXT000032551378
décret du 1er août 1990 relatif au statut particulier des professeurs des écoles		JORFTEXT000000350637
décret du 1er février 2016 relatif aux contrats de concession		JORFTEXT000031963717
décret du 1er octobre 1997 fixant les modalités de calcul de la rémunération des militaires affectés à l'étranger		JORFTEXT000000202873
décret du 2 avril 1960)		JORFTEXT000000876955
décret du 2 juin 2006 relatif aux titres miniers et aux titres de stockage souterrain		JORFTEXT000000790913
décret du 2 juin 2006 relatif aux travaux miniers, aux travaux de stockage souterrain et à la police des mines et des stockages souterrains		JORFTEXT000000609345
décret du 2 mai 2005 relatif à l'attribution de l'allocation temporaire d'invalidité aux fonctionnaires relevant de la fonction publique territoriale et de la fonction publique hospitalière		JORFTEXT000000810178
décret du 2 mai 2005)		JORFTEXT000000810178
décret du 2 mai 2007 relatif au cumul d'activités des fonctionnaires, des agents non titulaires de droit public et des ouvriers des établissements industriels de l'etat		JORFTEXT000000649834
décret du 2 mai 2014 relatif à l'expérimentation d'une autorisation unique en matière d'installations classées pour la protection de l'environnement		JORFTEXT000028890900
décret du 20 août 2004)		JORFTEXT000000254449
décret du 20 août 2014 relatif aux obligations de service et aux missions des personnels enseignants exerçant dans un établissement public d'enseignement du second degré		JORFTEXT000029390906
décret du 20 juillet 1972)		JORFTEXT000000855024
décret du 20 mai 2014 portant création d'un régime indemnitaire tenant compte des fonctions, des sujétions, de l'expertise et de l'engagement professionnel dans la fonction publique de l'etat		JORFTEXT000028965911
décret du 20 mai 2016)		JORFTEXT000032553419
décret du 20 mars 1991 portant dispositions statutaires applicables aux fonctionnaires territoriaux nommés dans des emplois permanents à temps non complet		JORFTEXT000000718718
décret du 20 novembre 1959)		JORFTEXT000018999905
décret du 21 mai 2003)		JORFTEXT000000228784
décret du 21 novembre 1979)		JORFTEXT000000697018
décret du 21 septembre 1977 pris pour l'application de la loi n° 76-663 du 19 juillet 1976 relative aux installations classées pour la protection de l'environnement		JORFTEXT000000863430
décret du 22 décembre 1967)		JORFTEXT000000852184
décret du 22 décembre 2006 portant statut particulier du cadre d'emplois des adjoints administratifs territoriaux		JORFTEXT000000462935
décret du 22 décembre 2006 portant statut particulier du cadre d'emplois des adjoints techniques territoriaux		JORFTEXT000000646815
décret du 22 décembre 2006)		JORFTEXT000000462936
décret du 22 décembre 2011 relatif au conseil national des activités privées de sécurité et modifiant certains décrets portant application de la loi n° 83-629 du 12 juillet 1983		JORFTEXT000025015019
décret du 22 mars 2010 portant dispositions statutaires communes à divers cadres d'emplois de fonctionnaires de la catégorie b de la fonction publique territoriale		JORFTEXT000022018443
décret du 23 décembre 2004 portant statut particulier du corps d'encadrement et d'application de la police nationale		JORFTEXT000000785734
décret du 23 décembre 2006 relatif aux règles du classement d'échelon consécutif à la nomination dans certains corps de catégorie a de la fonction publique de l'etat		JORFTEXT000000646649
décret du 23 mai 2019)		JORFTEXT000038501555
décret du 23 mars 1967)		JORFTEXT000000511160
décret du 23 mars 2020)		JORFTEXT000041751766
décret du 24 février 1984 modifié portant statut des praticiens hospitaliers		JORFTEXT000000868588
décret du 24 février 1984 portant statut des personnels enseignants et hospitaliers des centres hospitaliers et universitaires		JORFTEXT000000689714
décret du 24 février 1984 portant statut des praticiens hospitaliers		JORFTEXT000000868588
décret du 24 mai 1994 portant dispositions statutaires relatives aux personnels des administrations parisiennes		JORFTEXT000000548898
décret du 24 mars 1978)		JORFTEXT000000337902
décret du 24 octobre 1985 modifié relatif à la rémunération des personnels civils et militaires de l'etat, des personnels des collectivités territoriales et des personnels des établissements publics d'hospitalisation		JORFTEXT000000872483
décret du 24 octobre 1985 relatif à la rémunération des personnels civils et militaires de l'etat, des personnels des collectivités territoriales et des personnels des établissements publics d'hospitalisation		JORFTEXT000000872483
décret du 24 septembre 1965 relatif au régime des pensions des ouvriers des établissements industriels de l'etat		JORFTEXT000000850216
décret du 25 août 2000 relatif à l'aménagement et à la réduction du temps de travail dans la fonction publique de l'etat		JORFTEXT000000208382
décret du 25 août 2000 relatif à l'aménagement et à la réduction du temps de travail dans la fonction publique de l'etat et dans la magistrature		JORFTEXT000000208382
décret du 25 août 2000 relatif à l'aménagement et à la réduction du temps de travail dans la fonction publique de l'état et dans la magistrature		JORFTEXT000000208382
décret du 25 avril 2002 relatif aux indemnités horaires pour travaux supplémentaires		JORFTEXT000000407350
décret du 25 mars 1993)		JORFTEXT000000177670
décret du 25 mars 2007 relatif aux actes et aux conditions d'exercice de l'ostéopathie		JORFTEXT000000462001
décret du 25 mars 2016 relatif aux marchés publics		JORFTEXT000032295952
décret du 25 mars 2022 relatif à la procédure de médiation préalable obligatoire applicable à certains litiges de la fonction publique et à certains litiges sociaux		JORFTEXT000045412363
décret du 25 octobre 1984 modifié relatif à la procédure disciplinaire concernant les fonctionnaires de l'etat		JORFTEXT000000324972
décret du 25 octobre 1984 relatif à la procédure disciplinaire concernant les fonctionnaires de l'etat		JORFTEXT000000324972
décret du 26 août 2010 portant statut particulier des personnels de catégorie a de la direction générale des finances publiques		JORFTEXT000022747697
décret du 26 décembre 2003 modifié relatif au régime de retraite des fonctionnaires affiliés à la caisse nationale de retraites des agents des collectivités locales		JORFTEXT000000611945
décret du 26 décembre 2003 relatif au régime de retraite des fonctionnaires affiliés à la caisse nationale de retraite des agents des collectivités locales		JORFTEXT000000611945
décret du 26 décembre 2003 relatif au régime de retraite des fonctionnaires affiliés à la caisse nationale de retraites des agents des collectivités locales		JORFTEXT000000611945
décret du 26 décembre 2003 relatif au régime indemnitaire de certains magistrats de l'ordre judiciaire		JORFTEXT000000611638
décret du 26 février 2016 portant statut particulier du cadre d'emplois des ingénieurs territoriaux		JORFTEXT000032111484
décret du 26 juillet 2019 relatif au régime d'assurance chômage		JORFTEXT000038829574
décret du 26 mai 2006 relatif aux concessions de plage		JORFTEXT000000637296
décret du 26 novembre 1985 relatif aux congés annuels des fonctionnaires territoriaux		JORFTEXT000000690444
décret du 26 septembre 2005 portant dispositions statutaires communes applicables aux corps des attachés d'administration et à certains corps analogues		JORFTEXT000000605410
décret du 27 décembre 1985)		JORFTEXT000000688779
décret du 27 juillet 2006)		JORFTEXT000000793051
décret du 27 mai 1999 relatif à la composition des chambres de métiers et à leur élection		JORFTEXT000000560464
décret du 27 mars 2019)		JORFTEXT000038284596
décret du 27 novembre 1991)		JORFTEXT000000356568
décret du 27 octobre 1972)		JORFTEXT000000304093
décret du 28 décembre 2005)		JORFTEXT000000815269
décret du 28 décembre 2010)		JORFTEXT000023317481
décret du 28 décembre 2020 portant application de la loi n° 91-647 du 10 juillet 1991		JORFTEXT000042748211
décret du 28 décembre 2020 portant application de la loi n° 91-647 du 10 juillet 1991 relative à l'aide juridique et relatif à l'aide juridictionnelle et à l'aide à l'intervention de l'avocat dans les procédures non juridictionnelles		JORFTEXT000042748211
décret du 28 décembre 2020)		JORFTEXT000042748211
décret du 28 juillet 2010 relatif aux conditions générales de l'appréciation de la valeur professionnelle des fonctionnaires de l'etat		JORFTEXT000022593931
décret du 28 juillet 2010 relatif aux conditions générales de l'appréciation de la valeur professionnelle des fonctionnaires de l'état		JORFTEXT000022593931
décret du 28 juin 2010 relatif à l'exercice du monopole de la vente au détail des tabacs manufacturés		JORFTEXT000022408302
décret du 28 mai 1982 modifié relatif aux comités techniques paritaires		JORFTEXT000000879674
décret du 28 mai 1982 relatif aux comités techniques paritaires		JORFTEXT000000879674
décret du 28 mai 1982 relatif aux commissions administratives paritaires		JORFTEXT000000879673
décret du 28 mai 1982 relatif à l'exercice du droit syndical dans la fonction publique		JORFTEXT000000880484
décret du 28 mai 1982 relatif à l'hygiène et à la sécurité du travail		JORFTEXT000000519520
décret du 28 mai 2010 relatif au fichier des personnes recherchées		JORFTEXT000022276189
décret du 28 mars 1967 fixant les modalités de calcul des émoluments des personnels de l'etat et des établissements publics de l'etat à caractère administratif en service à l'étranger		JORFTEXT000000305783
décret du 28 novembre 1983 concernant les relations entre l'administration et les usagers		JORFTEXT000000884565
décret du 29 avril 2002 portant création du compte épargne-temps dans la fonction publique de l'etat et dans la magistrature		JORFTEXT000000590403
décret du 29 avril 2004 relatif aux pouvoirs des préfets, à l'organisation et à l'action des services de l'etat dans les régions et départements		JORFTEXT000000249712
décret du 29 avril 2004 relatif aux pouvoirs des préfets, à l'organisation et à l'action des services de l'état dans les régions et départements		JORFTEXT000000249712
décret du 29 décembre 1962 modifié portant règlement général sur la comptabilité publique		JORFTEXT000000299367
décret du 29 décembre 1962 portant règlement général sur la comptabilité publique		JORFTEXT000000299367
décret du 29 décembre 2023)		JORFTEXT000048728572
décret du 29 juillet 2009)		JORFTEXT000020915672
décret du 29 mars 2013 relatif à la lutte contre les retards de paiement dans les contrats de la commande publique		JORFTEXT000027248487
décret du 29 novembre 1993 relatif aux missions de maîtrise d'oeuvre confiées		JORFTEXT000000518067
décret du 29 novembre 2019 relatif aux lignes directrices de gestion et à l'évolution des attributions des commissions administratives paritaires		JORFTEXT000039434533
décret du 3 août 2007 portant statut particulier du corps des aides-soignants et des agents des services hospitaliers qualifiés de la fonction publique hospitalière		JORFTEXT000000276303
décret du 3 avril 1985 relatif à l'exercice du droit syndical dans la fonction publique territoriale		JORFTEXT000000516400
décret du 3 juillet 1978)		JORFTEXT000000696176
décret du 3 juillet 2006 fixant les conditions et les modalités de règlement des frais occasionnés		JORFTEXT000000242359
décret du 3 juin 2004 relatif aux procédures administratives et financières en matière d'archéologie préventive		JORFTEXT000000784249
décret du 3 mai 2006 portant application de l'ordonnance n° 2004-632 du 1er juillet 2004		JORFTEXT000000637453
décret du 3 mai 2006 portant application de l'ordonnance n° 2004-632 du 1er juillet 2004 relative aux associations syndicales de propriétaires		JORFTEXT000000637453
décret du 3 octobre 1949 fixant le statut des agents sur contrat du ministère de la défense nationale		JORFTEXT000000326048
décret du 30 août 1984)		JORFTEXT000000328378
décret du 30 août 1999 relatif aux transports routiers de marchandises		JORFTEXT000000198352
décret du 30 août 2019)		JORFTEXT000039002415
décret du 30 avril 1955 relatif à la rénovation et à la conservation du cadastre		JORFTEXT000000686267
décret du 30 décembre 1987 portant statut particulier du cadre d'emplois des attachés territoriaux		JORFTEXT000000884676
décret du 30 décembre 1993		JORFTEXT000000699753
décret du 30 décembre 1993 modifié relatif aux déclarations de nationalité, aux décisions de naturalisation, de réintégration, de perte, de déchéance et de retrait de la nationalité française		JORFTEXT000000699753
décret du 30 décembre 1993 modifié, relatif aux déclarations de nationalité, aux décisions de naturalisation, de réintégration, de perte, de déchéance et de retrait de la nationalité française		JORFTEXT000000699753
décret du 30 décembre 1993 relatif aux déclarations de nationalité, aux décisions de naturalisation, de réintégration, de perte, de déchéance et de retrait de la nationalité		JORFTEXT000000699753
décret du 30 décembre 1993 relatif aux déclarations de nationalité, aux décisions de naturalisation, de réintégration, de perte, de déchéance et de retrait de la nationalité français		JORFTEXT000000699753
décret du 30 décembre 1997 modifié portant création de la réserve naturelle de l'estuaire de la seine		JORFTEXT000000569804
décret du 30 décembre 2005 fixant les règles applicables aux marchés passés		JORFTEXT000000811078
décret du 30 décembre 2005 relatif aux passeports		JORFTEXT000000268015
décret du 30 janvier 2002)		JORFTEXT000000410864
décret du 30 janvier 2020 relatif aux contrôles déontologiques dans la fonction publique		JORFTEXT000041506165
décret du 30 janvier 2022)		JORFTEXT000045097713
décret du 30 juillet 1987 pris pour l'application de la loi n° 84-53 du 26 janvier 1984		JORFTEXT000000521836
décret du 30 juillet 1987 relatif à l'organisation des comités médicaux, aux conditions d'aptitude physique et au régime des congés de maladie des fonctionnaires territoriaux		JORFTEXT000000521836
décret du 30 juillet 1987 relatif à l'organisation des conseils médicaux, aux conditions d'aptitude physique et au régime des congés de maladie des fonctionnaires territoriaux		JORFTEXT000000521836
décret du 30 juin 1946 modifié réglementant les conditions d'entrée et de séjour des étrangers en france		JORFTEXT000000872874
décret du 30 juin 1946, modifié, réglementant les conditions d'entrée et de séjour des étrangers en france		JORFTEXT000000872874
décret du 30 juin 2023)		JORFTEXT000047774060
décret du 30 mai 1984)		JORFTEXT000000882403
décret du 30 mars 2012 relatif à l'exercice de l'activité d'expertise comptable		JORFTEXT000025596222
décret du 30 mars 2012)		JORFTEXT000025596222
décret du 30 mars 2016)		JORFTEXT000032320672
décret du 30 mars 2020)		JORFTEXT000041768315
décret du 30 novembre 1987 relatif à l'agrément des transports sanitaires terrestres		JORFTEXT000000885040
décret du 30 octobre 1935)		LEGITEXT000006074225
décret du 30 septembre 1953)		JORFTEXT000000489438
décret du 30 septembre 1985 relatif au reclassement des fonctionnaires territoriaux reconnus inaptes à l'exercice de leurs fonctions		JORFTEXT000000682037
décret du 31 juillet 1992)		JORFTEXT000000176697
décret du 31 mars 2005 relatif à la durée du travail des gens de mer		JORFTEXT000000810318
décret du 4 janvier 1955 portant réforme de la publicité foncière		JORFTEXT000000850274
décret du 4 janvier 1955)		JORFTEXT000000850274
décret du 4 janvier 2002 relatif aux congés annuels des agents des établissements mentionnés à l'article 2 de la loi n° 86-33 du 9 janvier 1986 portant dispositions statutaires relatives à la fonction publique hospitalière		JORFTEXT000000398297
décret du 4 juillet 1972 modifié relatif au statut particulier des professeurs certifiés		JORFTEXT000000306772
décret du 4 juillet 1972 relatif au statut particulier des professeurs agrégés de l'enseignement du second degré		JORFTEXT000000500138
décret du 4 juillet 1972 relatif au statut particulier des professeurs certifiés		JORFTEXT000000306772
décret du 4 juin 1999 modifié relatif au désendettement des rapatriés réinstallés dans une profession non salariée		JORFTEXT000000211642
décret du 4 juin 1999 relatif au désendettement des rapatriés réinstallés dans une profession non salariée		JORFTEXT000000211642
décret du 5 janvier 2016 relatif à la durée de validité des autorisations d'urbanisme et portant diverses dispositions relatives à l'application du droit des sols et à la fiscalité associée		JORFTEXT000031769678
décret du 5 juillet 1973 relatif à la formation professionnelle dans le notariat et aux conditions d'accès aux fonctions de notaire		JORFTEXT000000681478
décret du 5 mai 1997 relatif aux missions et aux statuts de réseau ferré de france		JORFTEXT000000200248
décret du 5 mai 2020 portant attribution d'une aide exceptionnelle de solidarité liée à l'urgence sanitaire aux ménages les plus précaires		JORFTEXT000041849630
décret du 5 novembre 1870)		JORFTEXT000000479439
décret du 5 octobre 2004 relatif au régime des pensions des ouvriers des établissements industriels de l'etat		JORFTEXT000000440905
décret du 5 septembre 2012 portant statut particulier du corps des commissaires des armées		JORFTEXT000026351798
décret du 6 avril 1984 modifié portant statut de l'assemblée des français de l'étranger et fixant les modalités d'élection de ses membres		JORFTEXT000000698619
décret du 6 février 1991 relatif aux dispositions générales applicables aux agents contractuels de la fonction publique hospitalière		JORFTEXT000000343794
décret du 6 juin 2001 pris pour l'application du chapitre ii du titre ii de la loi n° 2000-321 du 12 avril 2000 et relatif à l'accusé de réception des demandes présentées aux autorités administratives		JORFTEXT000000579453
décret du 6 mai 1988 portant statut particulier du cadre d'emplois des agents de maîtrise territoriaux		JORFTEXT000000866458
décret du 6 mai 1995 modifié relatif à l'application du décret du 18 avril 1939 fixant le régime des matériels de guerre, armes et munitions		JORFTEXT000000736335
décret du 6 mai 1995 relatif à l'application du décret du 18 avril 1939		JORFTEXT000000736335
décret du 6 mai 1995 relatif à l'application du décret du 18 avril 1939 fixant le régime des matériels de guerre, armes et munitions		JORFTEXT000000736335
décret du 6 mai 2017)		JORFTEXT000034635327
décret du 6 mars 1987)		JORFTEXT000000867393
décret du 6 novembre 1992 relatif au statut particulier des professeurs de lycée professionnel		JORFTEXT000000528079
décret du 6 septembre 1991 pris pour l'application du premier alinéa de l'article 88 de la loi du 26 janvier 1984 portant dispositions statutaires relatives à la fonction publique territoriale		JORFTEXT000000172116
décret du 6 septembre 1995 portant code de déontologie médicale		JORFTEXT000000555170
décret du 7 janvier 2009		JORFTEXT000020046644
décret du 7 janvier 2009 relatif au rapporteur public des juridictions administratives et au déroulement de l'audience devant ces juridictions		JORFTEXT000020046644
décret du 7 novembre 1989 relatif à la procédure disciplinaire applicable aux fonctionnaires relevant de la fonction publique hospitalière		JORFTEXT000000517933
décret du 7 novembre 2012 relatif à la gestion budgétaire et comptable		JORFTEXT000026597003
décret du 7 novembre 2012 relatif à la gestion budgétaire et comptable publique		JORFTEXT000026597003
décret du 8 janvier 1965)		JORFTEXT000000494155
décret du 8 janvier 2010 pris en application de l'article 77 de la loi n° 86-33 du 9 janvier 1986 modifiée portant dispositions statutaires relatives à la fonction publique hospitalière		JORFTEXT000021645947
décret du 8 juin 2006 relatif à la création, à la composition et au fonctionnement de commissions administratives à caractère consultatif		JORFTEXT000000640105
décret du 8 mars 1995 relatif à la commission consultative départementale de sécurité et d'accessibilité		JORFTEXT000000185756
décret du 9 décembre 2009)		JORFTEXT000021429350
décret du 9 janvier 1995 relatif à la limitation du bruit des aménagements et infrastructures de transports terrestres		JORFTEXT000000367425
livre des porcédures fiscales		LEGITEXT000006069583
livre des proc dures fiscales		LEGITEXT000006069583
livre des proce'dures fiscales		LEGITEXT000006069583
livre des procé-dures fiscales		LEGITEXT000006069583
livre des procédu-res fiscales		LEGITEXT000006069583
livre des procédues fiscales		LEGITEXT000006069583
livre des procédures fiscal		LEGITEXT000006069583
livre des procéduresfiscales		LEGITEXT000006069583
livre des procédurs fiscales		LEGITEXT000006069583
livre des rocédures fiscales		LEGITEXT000006069583
livre desprocédures fiscales		LEGITEXT000006069583
livre lpf (livre procédures fiscales)		LEGITEXT000006069583
loi 10 juillet 1991		JORFTEXT000000537611
loi 9 juillet 1991		JORFTEXT000000172847
loi algérienne de nationalité		african/code-de-la-nationalite-algerienne-dz
loi camerounaise n° 68 lf-2 du 11 juin 1968		african/code-de-la-nationalite-camerounaise-cm
loi comorienne 84-10 du 15 mai 1984		african/code-de-l-etat-civil-comorien-km
loi comorienne du 15 mai 1984		african/code-de-l-etat-civil-comorien-km
loi comorienne du 3 juin 2005		jafbase/docAfrique/Comores/code de la famille comorien.pdf
loi comorienne n° 05-008/au du 3 juin 2005		jafbase/docAfrique/Comores/code de la famille comorien.pdf
loi comorienne sur l'état civil		african/code-de-l-etat-civil-comorien-km
loi congolaise du 1er aout 1987		jafbase/docAfrique/Congos/RDC Congo code famille 1987.pdf
loi congolaise précitée du 1er août 1987		jafbase/docAfrique/Congos/RDC Congo code famille 1987.pdf
loi de 1961 sur l'état civil malgache		african/code-de-l-etat-civil-malgache-mg
loi de procédure pénale égyptienne		foreign/code-procedure-penale-egyptien-eg
loi des 2-17 mars 1791)		LEGITEXT000006071106
loi du 10 décembre 2003 modifiant la loi n° 52-893 du 25 juillet 1952 relative au droit d'asile		JORFTEXT000000611789
loi du 10 février 2000 relative à la modernisation et au développement du service public de l'électricité		JORFTEXT000000750321
loi du 10 juillet 1965 modifié fixant le statut de la copropriété des immeubles bâtis		JORFTEXT000000880200
loi du 10 juillet 1965 modifiée fixant le statut de la copropriété des immeubles bâtis		JORFTEXT000000880200
loi du 10 juillet 1965)		JORFTEXT000000880200
loi du 10 juillet 1976 relative à la protection de la nature		JORFTEXT000000684998
loi du 10 juillet 2000 portant réglementation des ventes volontaires de meubles aux enchères publiques		JORFTEXT000000751735
loi du 11 décembre 2001 portant mesures urgentes de réformes à caractère économique et financier		JORFTEXT000000221912
loi du 11 janvier 1984 modifiée portant dispositions statutaires relatives à la fonction publique d'etat		JORFTEXT000000501099
loi du 11 janvier 1984 modifiée portant dispositions statutaires relatives à la fonction publique de l'etat		JORFTEXT000000501099
loi du 11 janvier 1984 modifiée portant dispositions statutaires relatives à la fonction publique de l'état		JORFTEXT000000501099
loi du 11 janvier 1984 modifiée, portant dispositions statutaires relatives à la fonction publique de l'etat		JORFTEXT000000501099
loi du 11 janvier 1984 portant dispositions statutaires relative à la fonction publique de l'etat		JORFTEXT000000501099
loi du 11 janvier 1984 portant dispositions statutaires relatives à la fonction publique		JORFTEXT000000501099
loi du 11 janvier 1984 portant dispositions statutaires relatives à la fonction publique d'etat		JORFTEXT000000501099
loi du 11 janvier 1984 portant dispositions statutaires relatives à la fonction publique de l'etat		JORFTEXT000000501099
loi du 11 janvier 1984 portant dispositions statutaires relatives à la fonction publique de l'état		JORFTEXT000000501099
loi du 11 janvier 1984 relative à la fonction publique de l'etat		JORFTEXT000000501099
loi du 11 janvier 1984, modifiée, portant dispositions statutaires relatives à la fonction publique de l'etat		JORFTEXT000000501099
loi du 11 janvier 1984, portant dispositions statutaires relatives à la fonction publique de l'etat		JORFTEXT000000501099
loi du 11 juillet 1979		JORFTEXT000000518372
loi du 11 juillet 1979 modifiée relative à la motivation des actes administratifs		JORFTEXT000000518372
loi du 11 juillet 1979 modifiée relative à la motivation des actes administratifs et à l'amélioration des relations entre l'administration et le public		JORFTEXT000000518372
loi du 11 juillet 1979 relative à la motivation des actes administratifs		JORFTEXT000000518372
loi du 11 juillet 1979 relative à la motivation des actes administratifs et à l'amélioration des relations entre l'administration et le public		JORFTEXT000000518372
loi du 11 juillet 1979 sur la motivation des actes administratifs		JORFTEXT000000518372
loi du 11 juillet 1979, modifiée, relative à la motivation des actes administratifs et à l'amélioration des relations entre l'administration et le public		JORFTEXT000000518372
loi du 11 juillet 1979, relative à la motivation des actes administratifs et à l'amélioration des relations entre l'administration et le public		JORFTEXT000000518372
loi du 11 juillet 1985)		JORFTEXT000000693456
loi du 11 juillet 2001 relative à mayotte		JORFTEXT000000407771
loi du 11 juin 1994 relative aux rapatriés anciens membres des formations supplétives et assimilés ou victimes de la captivité en algérie		JORFTEXT000000184000
loi du 11 mars 1988 relative à la transparence financière de la vie politique		JORFTEXT000000321646
loi du 11 octobre 2013 relative à la transparence de la vie publique		JORFTEXT000028056315
loi du 12 avril 2000		JORFTEXT000000215117
loi du 12 avril 2000 modifiée relative aux droits des citoyens dans leurs relations avec les administrations		JORFTEXT000000215117
loi du 12 avril 2000 modifiée, relative aux droits des citoyens dans leurs relations avec les administrations		JORFTEXT000000215117
loi du 12 avril 2000 relative aux droits des citoyens dans leur relation avec l'administration		JORFTEXT000000215117
loi du 12 avril 2000 relative aux droits des citoyens dans leurs relations avec l'administration		JORFTEXT000000215117
loi du 12 avril 2000 relative aux droits des citoyens dans leurs relations avec les administrations		JORFTEXT000000215117
loi du 12 avril 2000 relative aux relations des citoyens avec l'administration		JORFTEXT000000215117
loi du 12 avril 2000, modifiée, relative aux droits des citoyens dans leurs relations avec les administrations		JORFTEXT000000215117
loi du 12 avril 2000, relative aux droits des citoyens dans leurs relations avec les administrations		JORFTEXT000000215117
loi du 12 juillet 1983 modifiée réglementant les activités privées de sécurité		JORFTEXT000000320194
loi du 12 juillet 1984 relative à la formation des agents de la fonction publique territoriale		JORFTEXT000000501342
loi du 12 juillet 1984 relative à la formation des agents de la fonction publique territoriale et complétant la loi n° 84-53 du 26 janvier 1984 portant dispositions statutaires relatives à la fonction publique territoriale		JORFTEXT000000501342
loi du 12 juillet 1985 modifiée relative à la maîtrise d'ouvrage publique et à ses rapports avec la maîtrise d'oeuvre privée		JORFTEXT000000693683
loi du 12 juillet 1985 relative à la maîtrise d'ouvrage publique et à ses rapports avec la maîtrise d'oeuvre privée		JORFTEXT000000693683
loi du 12 juillet 1985 relative à la maîtrise d'ouvrage publique et à ses rapports avec la maîtrise d'œuvre privée		JORFTEXT000000693683
loi du 12 juillet 1999 relative au renforcement et à la simplification de la coopération intercommunale		JORFTEXT000000396397
loi du 12 juillet 2010 portant engagement national pour l'environnement		JORFTEXT000022470434
loi du 12 mai 2010 relative à l'ouverture à la concurrence et à la régulation du secteur des jeux d'argent et de hasard en ligne		JORFTEXT000022204510
loi du 13 août 2004 relative aux libertés et responsabilités locales		JORFTEXT000000804607
loi du 13 décembre 2000 relative à la solidarité et au renouvellement urbain		JORFTEXT000000207538
loi du 13 février 1997 portant création de l'établissement public " réseau ferré de france " en vue du renouveau du transport ferroviaire		JORFTEXT000000747658
loi du 13 juillet 1965)		JORFTEXT000000503950
loi du 13 juillet 1967)		JORFTEXT000000878028
loi du 13 juillet 1972 modifiée instituant des mesures en faveur de certaines catégories de commerçants et artisans âgés		JORFTEXT000000875580
loi du 13 juillet 1972 modifiée portant statut général des militaires		JORFTEXT000000509303
loi du 13 juillet 1972 modifiée, portant statut général des militaires		JORFTEXT000000509303
loi du 13 juillet 1972 portant statut général des militaires		JORFTEXT000000509303
loi du 13 juillet 1979 relative aux fonds communs de placement		JORFTEXT000000886676
loi du 13 juillet 1979)		JORFTEXT000000886676
loi du 13 juillet 1983		JORFTEXT000000504704
loi du 13 juillet 1983 modifiée ortant droits et obligations des fonctionnaires		JORFTEXT000000504704
loi du 13 juillet 1983 modifiée portant droits et obligations de fonctionnaires		JORFTEXT000000504704
loi du 13 juillet 1983 modifiée portant droits et obligations des fonctionnaires		JORFTEXT000000504704
loi du 13 juillet 1983 modifiée relative aux droits et obligations des fonctionnaires		JORFTEXT000000504704
loi du 13 juillet 1983 modifiée, portant droits et obligations des fonctionnaires		JORFTEXT000000504704
loi du 13 juillet 1983 portant droit et obligations des fonctionnaires		JORFTEXT000000504704
loi du 13 juillet 1983 portant droits et obligation des fonctionnaires		JORFTEXT000000504704
loi du 13 juillet 1983 portant droits et obligations des fonctionnaires		JORFTEXT000000504704
loi du 13 juillet 1983 relative aux droits et obligations des fonctionnaires		JORFTEXT000000504704
loi du 13 juillet 1983, modifiée, portant droits et obligations des fonctionnaires		JORFTEXT000000504704
loi du 13 juillet 1983, portant droits et obligations des fonctionnaires		JORFTEXT000000504704
loi du 13 septembre 1984 relative à la limite d'âge dans la fonction publique et le secteur public		JORFTEXT000000320891
loi du 14 juin 2013)		JORFTEXT000027546648
loi du 15 juillet 1845 sur la police des chemins de fer		JORFTEXT000000332151
loi du 15 juillet 1970 relative à une contribution nationale à l'indemnisation des français dépossédés de biens situés dans un territoire antérieurement placé sous la souveraineté, le protectorat ou la tutelle de la france		JORFTEXT000000512226
loi du 15 juin 1906 sur les distributions d'énergie		JORFTEXT000000508752
loi du 15 juin 2000)		JORFTEXT000000765204
loi du 16 décembre 1996 modifiée relative à l'emploi dans la fonction publique et à diverses mesures d'ordre statutaire		JORFTEXT000000563052
loi du 16 décembre 1996 relative à l'emploi dans la fonction publique et à diverses mesures d'ordre statutaire		JORFTEXT000000563052
loi du 16 janvier 2001 portant diverses dispositions d'adaptation au droit communautaire dans le domaine des transports		JORFTEXT000000208347
loi du 16 juillet 1971)		JORFTEXT000000687666
loi du 16 juillet 1984 modifiée relative à l'organisation et à la promotion des activités physiques et sportives		JORFTEXT000000693187
loi du 16 juillet 1984 relative à l'organisation et à la promotion des activités physiques et sportives		JORFTEXT000000693187
loi du 16 juillet 1987 relative au règlement de l'indemnisation des rapatriés		JORFTEXT000000508818
loi du 16 juin 2011 relative à l'immigration, à l'intégration et à la nationalité		JORFTEXT000024191380
loi du 16 octobre 1919 modifiée relative à l'utilisation de l'énergie hydraulique		JORFTEXT000000498687
loi du 16 octobre 1919 relative à l'utilisation de l'énergie hydraulique		JORFTEXT000000498687
loi du 16 octobre 1919 relative à l'énergie hydraulique		JORFTEXT000000498687
loi du 16 septembre 1807 relative au dessèchement des marais		JORFTEXT000000332141
loi du 17 décembre 2008)		JORFTEXT000019942966
loi du 17 décembre 2012)		JORFTEXT000026785322
loi du 17 janvier 2003)		JORFTEXT000000594652
loi du 17 juillet 1978 modifiée portant diverses mesures d'amélioration des relations entre l'administration et le public et diverses dispositions d'ordre administratif, social et fiscal		JORFTEXT000000339241
loi du 17 juillet 1978 portant diverses mesures d'amélioration des relations entre l'administration et le public		JORFTEXT000000339241
loi du 17 juillet 1978 portant diverses mesures d'amélioration des relations entre l'administration et le public et diverses dispositions d'ordre administratif, social et fiscal		JORFTEXT000000339241
loi du 17 juin 2008 portant réforme de la prescription en matière civile		JORFTEXT000019013696
loi du 17 juin 2008)		JORFTEXT000019013696
loi du 18 décembre 2013 relative à la programmation militaire pour les années 2014 à 2019 et portant diverses dispositions concernant la défense et la sécurité nationale		JORFTEXT000028338825
loi du 18 janvier 1980)		JORFTEXT000000705191
loi du 18 janvier 2005)		JORFTEXT000000806166
loi du 18 juin 1966)		JORFTEXT000000880384
loi du 18 juin 2009)		JORFTEXT000020756038
loi du 18 juin 2014 relative à l'artisanat, au commerce et aux très petites entreprises		JORFTEXT000029101502
loi du 19 juillet 1976 relative aux installations classées pour la protection de l'environnement		JORFTEXT000000684771
loi du 1er août 2003)		JORFTEXT000000428979
loi du 1er août 2006 relative au droit d'auteur et aux droits voisins dans la société de l'information		JORFTEXT000000266350
loi du 1er décembre 1988 relative au revenu minimum d'insertion		JORFTEXT000000875188
loi du 1er juillet 1901 relative au contrat d'association		JORFTEXT000000497458
loi du 1er septembre 1948)		JORFTEXT000000879802
loi du 2 août 1989)		JORFTEXT000000322095
loi du 2 février 2007 de modernisation de la fonction publique		JORFTEXT000000465739
loi du 2 janvier 1970 réglementant les conditions d'exercice des activités relatives à certaines opérations portant sur les immeubles et les fonds de commerce		JORFTEXT000000512228
loi du 2 janvier 1970)		JORFTEXT000000512228
loi du 2 juillet 1990 modifiée relative à l'organisation du service public de la poste et à france télécom		JORFTEXT000000716493
loi du 2 juillet 1990 relative à l'organisation du service public de la poste et des télécommunications		JORFTEXT000000716493
loi du 2 juillet 1990 relative à l'organisation du service public de la poste et à france télécom		JORFTEXT000000716493
loi du 2 mai 1930 relative à la protection des monuments et des sites de caractère artistique, historique, scientifique, légendaire ou pittoresque		JORFTEXT000000312974
loi du 2 mai 1930 relative à la réorganisation de la protection des monuments naturels et des sites de caractère artistique, historique, scientifique, légendaire ou pittoresque		JORFTEXT000000312974
loi du 2 mars 1982 relative aux droits et libertés des communes, des départements et des régions		JORFTEXT000000880039
loi du 2 novembre 1943 relative à l'organisation du contrôle des produits antiparasitaires à usage agricole		JORFTEXT000000887183
loi du 20 août 2008)		JORFTEXT000019347122
loi du 20 avril 2016 relative à la déontologie et aux droits et obligations des fonctionnaires		JORFTEXT000032433852
loi du 20 décembre 2007 relative à la simplification du droit		JORFTEXT000017727195
loi du 20 janvier 1995 modifiée relative à l'accès à l'activité de conducteur et à la profession d'exploitant de taxi		JORFTEXT000000369243
loi du 20 janvier 1995 relative à l'accès à l'activité de conducteur et à la profession d'exploitant de taxi		JORFTEXT000000369243
loi du 20 juillet 1983 relative au développement de certaines activités d'économie sociale		JORFTEXT000000692493
loi du 20 mars 1956)		JORFTEXT000000309811
loi du 21 août 2003 portant réforme des retraites		JORFTEXT000000781627
loi du 21 décembre 2006)		JORFTEXT000000817095
loi du 21 février 2017)		JORFTEXT000034070801
loi du 21 janvier 1995 d'orientation et de programmation relative à la sécurité		JORFTEXT000000369046
loi du 21 janvier 1995)		JORFTEXT000000369046
loi du 21 juillet 1922 relative au déclassement de l'enceinte fortifiée de la ville de strasbourg		JORFTEXT000000869651
loi du 21 juillet 1983 relative à la sécurité des consommateurs		JORFTEXT000000504475
loi du 21 juillet 1983)		JORFTEXT000000504475
loi du 21 juillet 2009 portant réforme de l'hôpital et relative aux patients, à la santé et aux territoires		JORFTEXT000020879475
loi du 21 mai 1836 portant prohibition des loteries		JORFTEXT000000515396
loi du 22 août 2021 portant lutte contre le dérèglement climatique et renforcement de la résilience face à ses effets		JORFTEXT000043956924
loi du 22 avril 2024)		JORFTEXT000049453263
loi du 22 janvier 2002)		JORFTEXT000000409466
loi du 22 juillet 1987 relative à l'organisation de la sécurité civile, à la protection de la forêt contre l'incendie et à la prévention des risques majeurs		JORFTEXT000000508820
loi du 22 juin 1982)		JORFTEXT000000691739
loi du 22 mars 2012)		JORFTEXT000025553296
loi du 23 décembre 1986)		JORFTEXT000000874247
loi du 23 décembre 1998)		JORFTEXT000000392993
loi du 23 décembre 2000)		JORFTEXT000000579088
loi du 23 février 2005 portant reconnaissance de la nation et contribution nationale en faveur des français rapatriés		JORFTEXT000000444898
loi du 23 février 2005 relative au développement des territoires ruraux		JORFTEXT000000257340
loi du 23 janvier 1998)		JORFTEXT000000387470
loi du 23 juillet 1987 sur le développement du mécénat		JORFTEXT000000874956
loi du 23 mars 2019)		JORFTEXT000038261631
loi du 23 mars 2020)		JORFTEXT000041746313
loi du 23 novembre 2018 portant évolution du logement, de l'aménagement et du numérique		JORFTEXT000037639478
loi du 23 novembre 2018)		JORFTEXT000037639478
loi du 24 août 1993)		JORFTEXT000000530523
loi du 24 août 2021)		JORFTEXT000043964778
loi du 24 janvier 1984 relative à l'activité et au contrôle des établissements de crédit		JORFTEXT000000504724
loi du 24 janvier 1984)		JORFTEXT000000504724
loi du 24 juillet 1966 modifiée sur les sociétés commerciales		JORFTEXT000000692245
loi du 24 juillet 1966 sur les sociétés commerciales		JORFTEXT000000692245
loi du 24 juillet 1966)		JORFTEXT000000692245
loi du 24 juillet 2006 relative à l'immigration et à l'intégration		JORFTEXT000000266495
loi du 24 mai 1951)		JORFTEXT000000517348
loi du 24 mars 2005 portant statut général des militaires		JORFTEXT000000808186
loi du 25 janvier 1985 modifiée relative au redressement et à la liquidation judiciaire des entreprises		JORFTEXT000000693911
loi du 25 janvier 1985 relative au redressement et à la liquidation judiciaire des entreprises		JORFTEXT000000693911
loi du 25 janvier 1985 relative au redressement et à la liquidation judiciaires des entreprises		JORFTEXT000000693911
loi du 25 janvier 1985)		JORFTEXT000000693911
loi du 25 juillet 1952 modifiée relative au droit d'asile		JORFTEXT000000314167
loi du 25 juin 1999)		JORFTEXT000000395772
loi du 25 octobre 1972 relative à la francisation des noms et prénoms des personnes		JORFTEXT000000322317
loi du 26 décembre 1964)		JORFTEXT000000875638
loi du 26 janvier 1984		JORFTEXT000000320434
loi du 26 janvier 1984 modifiée ortant dis ositions statutaires relatives à la fonction ublique territoriale		JORFTEXT000000320434
loi du 26 janvier 1984 modifiée portant dispositions statutaires relatives à la fonction publique territoriale		JORFTEXT000000320434
loi du 26 janvier 1984 modifiée portant dispositions statutaires relatives à la fonction publique territoriales		JORFTEXT000000320434
loi du 26 janvier 1984 modifiée, portant dispositions statutaires relatives à la fonction publique territoriale		JORFTEXT000000320434
loi du 26 janvier 1984 portant dispositions relatives à la fonction publique territoriale		JORFTEXT000000320434
loi du 26 janvier 1984 portant dispositions statuaires relatives à la fonction publique territoriale		JORFTEXT000000320434
loi du 26 janvier 1984 portant dispositions statutaires de la fonction publique territoriale		JORFTEXT000000320434
loi du 26 janvier 1984 portant dispositions statutaires relative à la fonction publique territoriale		JORFTEXT000000320434
loi du 26 janvier 1984 portant dispositions statutaires relatives à la fonction publique territoriale		JORFTEXT000000320434
loi du 26 janvier 1984 portant dispositions statutaires relatives à la fonction publique territoriales		JORFTEXT000000320434
loi du 26 janvier 1984 portant statut de la fonction publique territoriale		JORFTEXT000000320434
loi du 26 janvier 1984 relative à la fonction publique territoriale		JORFTEXT000000320434
loi du 26 janvier 1984 sur l'enseignement supérieur		JORFTEXT000000692733
loi du 26 janvier 1984)		JORFTEXT000000320434
loi du 26 janvier 1984, modifiée, portant dispositions statutaires relatives à la fonction publique territoriale		JORFTEXT000000320434
loi du 26 janvier 1984, portant dispositions statutaires relatives à la fonction publique territoriale		JORFTEXT000000320434
loi du 26 juillet 2005 portant diverses mesures de transposition du droit communautaire à la fonction publique		JORFTEXT000000265767
loi du 26 juillet 2005)		JORFTEXT000000451890
loi du 26 juillet 2005, portant diverses mesures de transposition du droit communautaire à la fonction publique		JORFTEXT000000265767
loi du 26 novembre 2003 relative à la maîtrise de l'immigration, au séjour des étrangers en france et à la nationalité		JORFTEXT000000795635
loi du 27 décembre 1973 modifiée d'orientation du commerce et de l'artisanat		JORFTEXT000000509757
loi du 27 février 2002 relative à la démocratie de proximité		JORFTEXT000000593100
loi du 27 juillet 1999 portant création d'une couverture maladie universelle		JORFTEXT000000198392
loi du 27 mai 2008 portant diverses dispositions d'adaptation au droit communautaire dans le domaine de la lutte contre les discriminations		JORFTEXT000018877783
loi du 28 décembre 2018)		JORFTEXT000037882341
loi du 28 janvier 2013 portant diverses dispositions d'adaptation de la législation au droit de l'union européenne en matière économique et financière		JORFTEXT000026998473
loi du 29 décembre 1892 modifiée relative aux dommages causés à la propriété privée		JORFTEXT000000877367
loi du 29 décembre 1892 relative aux dommages causés à la propriété privée		JORFTEXT000000877367
loi du 29 décembre 1892 sur les dommages causés à la propriété privée		JORFTEXT000000877367
loi du 29 décembre 1979 modifiée relative à la publicité, aux enseignes et préenseignes		JORFTEXT000000705047
loi du 29 décembre 1979 relative à la publicité, aux enseignes et pré-enseignes		JORFTEXT000000705047
loi du 29 décembre 1979 relative à la publicité, aux enseignes et préenseignes		JORFTEXT000000705047
loi du 29 janvier 1993 relative à la prévention de la corruption et à la transparence de la vie économique et des procédures publiques		JORFTEXT000000711604
loi du 29 juillet 1881 sur la liberté de la presse		JORFTEXT000000877119
loi du 29 juillet 1881)		JORFTEXT000000877119
loi du 29 juillet 2015 relative à la réforme du droit d'asile		JORFTEXT000030949483
loi du 29 novembre 1966 relative aux sociétés civiles professionnelles		JORFTEXT000000692471
loi du 3 août 2009 relative à la mobilité et aux parcours professionnels dans la fonction publique		JORFTEXT000020954520
loi du 3 janvier 1969 relative à l'exercice des activités ambulantes et au régime applicable aux personnes circulant en france sans domicile ni résidence fixe		JORFTEXT000000317526
loi du 3 janvier 1969)		JORFTEXT000000511694
loi du 3 janvier 1977 sur l'architecture		JORFTEXT000000522423
loi du 3 janvier 1992 sur l'eau		JORFTEXT000000173995
loi du 3 janvier 2001 relative à la résorption de l'emploi précaire dans la fonction publique		JORFTEXT000000221753
loi du 3 janvier 2001 relative à la résorption de l'emploi précaire et à la modernisation du recrutement dans la fonction publique		JORFTEXT000000221753
loi du 3 juin 2008 relative aux opérations spatiales		JORFTEXT000018931380
loi du 3 mai 1996 relative au développement du volontariat dans les corps de sapeurs-pompiers		JORFTEXT000000742398
loi du 30 décembre 1985)		JORFTEXT000000693429
loi du 30 décembre 1991)		JORFTEXT000000355987
loi du 30 décembre 1992 portant loi de finances pour 1993		JORFTEXT000000178406
loi du 30 décembre 2003 portant loi de finances rectificative pour 2003		JORFTEXT000000429346
loi du 30 décembre 2004 portant création de la haute autorité de lutte contre les discriminations et pour l'égalité		JORFTEXT000000423967
loi du 30 décembre 2004 portant loi de finances rectificative pour 2004		JORFTEXT000000240757
loi du 30 décembre 2017)		JORFTEXT000036339197
loi du 30 juin 2004 relative à la solidarité pour l'autonomie des personnes âgées et des personnes handicapées		JORFTEXT000000622485
loi du 30 septembre 1986 modifiée relative à la liberté de communication		JORFTEXT000000512205
loi du 30 septembre 1986 modifiée, relative à la liberté de communication		JORFTEXT000000512205
loi du 30 septembre 1986 relative à la liberté de communication		JORFTEXT000000512205
loi du 31 décembre 1913 sur les monuments historiques		JORFTEXT000000315319
loi du 31 décembre 1968 relative à la prescription des créances sur l'etat, les départements, les communes et les établissements publics		JORFTEXT000000878035
loi du 31 décembre 1968 relative à la prescription des créances sur l'état, les départements, les communes et les établissements publics		JORFTEXT000000878035
loi du 31 décembre 1970 portant réforme hospitalière		JORFTEXT000000874228
loi du 31 décembre 1971 modifiée portant réforme de certaines professions judiciaires et juridiques		JORFTEXT000000508793
loi du 31 décembre 1971 portant réforme de certaines professions judiciaires et juridiques		JORFTEXT000000508793
loi du 31 décembre 1971)		JORFTEXT000000508793
loi du 31 décembre 1975 modifiée relative à la sous-traitance		JORFTEXT000000889241
loi du 31 décembre 1975 relative à la sous-traitance		JORFTEXT000000889241
loi du 31 décembre 1975)		JORFTEXT000000699208
loi du 31 décembre 1976)		JORFTEXT000000522255
loi du 31 décembre 1985)		JORFTEXT000000878232
loi du 31 décembre 1989)		JORFTEXT000000709057
loi du 31 décembre 1992 portant loi de finances rectificative pour 1992		JORFTEXT000000179313
loi du 31 mai 2021 relative à la gestion de la sortie de crise sanitaire		JORFTEXT000043567200
loi du 4 août 1994 relative à l'emploi de la langue française		JORFTEXT000000349929
loi du 4 août 2014 portant réforme ferroviaire		JORFTEXT000029330511
loi du 4 janvier 1993)		JORFTEXT000000178780
loi du 4 janvier 2010)		JORFTEXT000021601325
loi du 4 mars 2002 relative aux droits des malades et à la qualité du système de santé		JORFTEXT000000227015
loi du 5 août 2021 relative à la gestion de la crise sanitaire		JORFTEXT000043909676
loi du 5 janvier 2010 relative à la reconnaissance et à l'indemnisation des victimes des essais nucléaires français		JORFTEXT000021625586
loi du 5 juillet 1972)		JORFTEXT000000684297
loi du 5 juillet 1985)		JORFTEXT000000693454
loi du 5 juillet 1996 relative au développement et à la promotion du commerce et de l'artisanat		JORFTEXT000000193678
loi du 5 juillet 2000 relative à l'accueil des gens du voyage		JORFTEXT000000583573
loi du 5 juillet 2000 relative à l'accueil et à l'habitat des gens du voyage		JORFTEXT000000583573
loi du 5 mars 2007)		JORFTEXT000000271094
loi du 5 mars 2009 relative à la communication audiovisuelle et au nouveau service public de la télévision		JORFTEXT000020352071
loi du 6 août 2002 portant amnistie		JORFTEXT000000779239
loi du 6 août 2019 de transformation de la fonction publique		JORFTEXT000038889182
loi du 6 janvier 1978 modifiée relative à l'informatique, aux fichiers et aux libertés		JORFTEXT000000886460
loi du 6 janvier 1978 modifiée, relative à l'informatique, aux fichiers et aux libertés		JORFTEXT000000886460
loi du 6 janvier 1978 relative à l'informatique, aux fichiers et aux libertés		JORFTEXT000000886460
loi du 6 janvier 1978)		JORFTEXT000000886460
loi du 6 juillet 1989)		JORFTEXT000000509310
loi du 6/07/89		JORFTEXT000000509310
loi du 7 août 2015 portant nouvelle organisation territoriale de la république		JORFTEXT000030985460
loi du 7 août 2015)		JORFTEXT000030985460
loi du 7 décembre 2020)		JORFTEXT000042619877
loi du 7 juillet 1977 relative à l'élection des représentants au parlement européen		JORFTEXT000000338793
loi du 7 juillet 2016 relative à la liberté de la création, à l'architecture et au patrimoine		JORFTEXT000032854341
loi du 7 mars 2016 relative au droit des étrangers en france		JORFTEXT000032164264
loi du 7 mars 2016)		JORFTEXT000032164264
loi du 8 août 2016)		JORFTEXT000033016237
loi du 8 avril 1946 sur la nationalisation de l'électricité et du gaz		JORFTEXT000000868448
loi du 8 février 1995)		JORFTEXT000000350926
loi du 9 août 2004 relative au service public de l'électricité et du gaz et aux entreprises électriques et gazières		JORFTEXT000000787077
loi du 9 août 2004 relative à la politique de santé publique		JORFTEXT000000787078
loi du 9 avril 1898)		JORFTEXT000000877599
loi du 9 décembre 1905 sur la séparation des eglises et de l'etat		JORFTEXT000000508749
loi du 9 décembre 2016 relative à la transparence, à la lutte contre la corruption et à la modernisation de la vie économique		JORFTEXT000033558528
loi du 9 janvier 1985 relative au développement et à la protection de la montagne		JORFTEXT000000317293
loi du 9 janvier 1986 modifiée portant dispositions statutaires relatives à la fonction publique hospitalière		JORFTEXT000000512459
loi du 9 janvier 1986 modifiée, portant dispositions statutaires relatives à la fonction publique hospitalière		JORFTEXT000000512459
loi du 9 janvier 1986 portant dispositions statutaires relatives à la fonction publique hospitalière		JORFTEXT000000512459
loi du 9 janvier 1986, modifiée, portant dispositions statutaires relatives à la fonction publique hospitalière		JORFTEXT000000512459
loi du 9 janvier 1986, portant dispositions statutaires relatives à la fonction publique hospitalière		JORFTEXT000000512459
loi du 9 janvier 1986, relative à la fonction publique hospitalière		JORFTEXT000000512459
loi du 9 juillet 1991 portant réforme des procédures civiles d'exécution		JORFTEXT000000172847
loi du 9 juillet 1991)		JORFTEXT000000172847
loi du 9 juillet 2004 relative aux communications électroniques et aux services de communication audiovisuelle		JORFTEXT000000439399
loi du 9 mars 2004 portant adaptation de la justice aux évolutions de la criminalité		JORFTEXT000000249995
loi du 9 novembre 2010 portant réforme des retraites		JORFTEXT000023022127
loi du10 juillet 1991		JORFTEXT000000537611
loi fédérale complétant le code civil suisse		fedlex/eli/cc/27/317_321_377
loi fédérale du 30 mars 1911 complétant le code civil suisse		fedlex/eli/cc/27/317_321_377
loi fédérale pour la poursuite pour dettes et la faillite		fedlex/eli/cc/11/529_488_529
loi fédérale suisse du 18 décembre 1987 sur le droit international privé		fedlex/eli/cc/1988/1776_1776_1776
loi fédérale suisse du 6 octobre 2000		fedlex/eli/cc/2002/510
loi fédérale suisse du 6 octobre 2000 (loi sur la partie générale des assurances sociales)		fedlex/eli/cc/2002/510
loi fédérale suisse du 6 octobre 2000 sur la partie générale du droit des assurances sociales		fedlex/eli/cc/2002/510
loi fédérale suisse du 6 octobre 2000 sur la partie générale du droit des assurances sociales (lpga)		fedlex/eli/cc/2002/510
loi fédérale suisse sur la partie générale des assurances sociales du 6 octobre 2000		fedlex/eli/cc/2002/510
loi fédérale suisse sur la poursuite pour dettes et la faillite		fedlex/eli/cc/11/529_488_529
loi fédérale sur la partie générale des assurances sociales (lpga		fedlex/eli/cc/2002/510
loi fédérale sur la partie générale du droit des assurances sociales		fedlex/eli/cc/2002/510
loi fédérale sur la partie générale du droit des assurances sociales (du 6 octobre 2000		fedlex/eli/cc/2002/510
loi fédérale sur la partie générale du droit des assurances sociales (lpga)		fedlex/eli/cc/2002/510
loi fédérale sur la partie générale du droit des assurances sociales)		fedlex/eli/cc/2002/510
loi fédérale sur la poursuite		fedlex/eli/cc/11/529_488_529
loi fédérale sur la poursuite pour dettes et la faillite		fedlex/eli/cc/11/529_488_529
loi fédérale sur le droit international privé		fedlex/eli/cc/1988/1776_1776_1776
loi fédérale sur le droit international privé du 18 décembre 1987		fedlex/eli/cc/1988/1776_1776_1776
loi fédérale sur le droit international privé)		fedlex/eli/cc/1988/1776_1776_1776
loi fédérale sur le droit international suisse		fedlex/eli/cc/1988/1776_1776_1776
loi ivoirienne 64-377 du 7 octobre 1964		african/loi-paternite-filiation-ivoirienne-64-377-ci
loi ivoirienne n °64-377 du 7 octobre 1964		african/loi-paternite-filiation-ivoirienne-64-377-ci
loi ivoirienne numéro 64-377 du 7 octobre 1964		african/loi-paternite-filiation-ivoirienne-64-377-ci
loi ivoirienne n° 2019-572 du 27 juin 2019 invoqué ferait obstacle à ce		jafbase/docAfrique/CotedIvoire/Loi_ivoirienne_du_26juin2019_relative_à_la_minorité.pdf
loi ivoirienne n° 64-374		jafbase/docAfrique/CotedIvoire/Cote-dIvoire-état civil.pdf
loi ivoirienne n° 64-374 de l'état civil datant du 7 octobre 1964		jafbase/docAfrique/CotedIvoire/Cote-dIvoire-état civil.pdf
loi ivoirienne n° 64-374 du 7 octobre 1964		jafbase/docAfrique/CotedIvoire/Cote-dIvoire-état civil.pdf
loi ivoirienne n° 64-374 du 7 octobre 1964 l'exige		jafbase/docAfrique/CotedIvoire/Cote-dIvoire-état civil.pdf
loi ivoirienne n° 64-374 du 7 octobre 1964, relative à l'état civil		jafbase/docAfrique/CotedIvoire/Cote-dIvoire-état civil.pdf
loi ivoirienne n° 64-374 du 7 octobre 1984		jafbase/docAfrique/CotedIvoire/Cote-dIvoire-état civil.pdf
loi ivoirienne n°64-374 du 7 octobre 1964		jafbase/docAfrique/CotedIvoire/Cote-dIvoire-état civil.pdf
loi ivoirienne sur l'état civil n° 64-374 du 7 octobre 1964		jafbase/docAfrique/CotedIvoire/Cote-dIvoire-état civil.pdf
loi ivoirienne sur la minorité du 26 juin 2019		jafbase/docAfrique/CotedIvoire/Loi_ivoirienne_du_26juin2019_relative_à_la_minorité.pdf
loi malgache de 1961		african/code-de-l-etat-civil-malgache-mg
loi malgache du 9 octobre 1961		african/code-de-l-etat-civil-malgache-mg
loi malgache n° 2007-022		jafbase/docAfrique/Madagascar/LoiMariage.pdf
loi malgache n° 2018-027		cnlegis.gov.mg/L2018-027
loi malgache n° 63-022 du 20 novembre 1963		african/loi-filiation-malgache-mg
loi malienne du 16 mars 1987		african/loi-etat-civil-malienne-87-27-ml
loi malienne du 30 décembre 2011		jafbase/docAfrique/Mali/Code_des_Personnes_et_de_la_Famille nouveau.pdf
loi malienne n° 87-27 du 16 mars 1987		african/loi-etat-civil-malienne-87-27-ml
loi malienne n° 87-27 du 16 mars 1987 régissant l'état civil		african/loi-etat-civil-malienne-87-27-ml
loi malienne n° 87-27 régissant l'état civil		african/loi-etat-civil-malienne-87-27-ml
loi marocaine n° 15-01		african/loi-kafala-marocaine-15-01-ma
loi marocaine sur l'état civil n° 37-99		african/code-de-l-etat-civil-marocain-ma
loi mauritanienne du 12 janvier 2011		african/code-de-l-etat-civil-mauritanien-2011-mr
loi mauritanienne du 13 juin 1961		african/code-de-la-nationalite-mauritanienne-mr
loi mauritanienne n° 2011-003		african/code-de-l-etat-civil-mauritanien-2011-mr
loi modifiée n° 83-634 du 13 juillet 1983 portant droits et obligations des fonctionnaires		JORFTEXT000000504704
loi modifiée n° 84-16 du 11 janvier 1984 portant dispositions statutaires relatives à la fonction publique de l'etat		JORFTEXT000000501099
loi modifiée n° 84-16 du 11 janvier 1984 portant dispositions statutaires relatives à la fonction publique de l'état		JORFTEXT000000501099
loi modifiée n° 84-53 du 26 janvier 1984 portant dispositions statutaires de la fonction publique territoriale		JORFTEXT000000320434
loi modifiée n° 86-33 du 9 janvier 1986 portant dispositions statutaires relatives à la fonction publique hospitalière		JORFTEXT000000512459
loi n° 1957-3 tunisienne du 1er août 1957 réglementant l'état civil		african/code-de-l-etat-civil-tunisien-tn
loi n° 1961-112		african/code-de-la-nationalite-mauritanienne-mr
loi n° 1961/112		african/code-de-la-nationalite-mauritanienne-mr
loi n° 68 lf2 du11 juin 1968		african/code-de-la-nationalite-camerounaise-cm
loi n° 70-03 portant code de la famille marocain		jafbase/docMaghreb/MarocCodeFam-oct2005.pdf
loi sur l'état civil ivoirien		jafbase/docAfrique/CotedIvoire/Cote-dIvoire-état civil.pdf
loi sur la nationalité congolaise du 12 novembre 2004		african/loi-nationalite-congolaise-rdc-cd
loi susvisée du 10 juillet 1991		JORFTEXT000000537611
loi sénégalaise n° 61-55 du 23 juin 1961		african/code-etat-civil-senegalais-sn
loi tunisienne 1957-003 du 1er août 1957		african/code-de-l-etat-civil-tunisien-tn
loi tunisienne 1957-3 du 1er août 1957		african/code-de-l-etat-civil-tunisien-tn
loi tunisienne du 1er août 1957		african/code-de-l-etat-civil-tunisien-tn
loi tunisienne du 30 juillet 1957		african/code-de-l-etat-civil-tunisien-tn
loi tunisienne n° 1957-3 réglementant l'état civil		african/code-de-l-etat-civil-tunisien-tn
loi tunisienne n° 57-3 du 1er août 1957		african/code-de-l-etat-civil-tunisien-tn
loi tunisienne sur l'état civil		african/code-de-l-etat-civil-tunisien-tn
nouveau code de procédure civile		LEGITEXT000006070716
nouveaucode de procédure civile		LEGITEXT000006070716
ordonnance camerounaise 81-02 du 29 juin 1981		cvuc-uccc.com/CMR-ordonnance-81-02-etat-civil
ordonnance camerounaise du 29 juin 1981		cvuc-uccc.com/CMR-ordonnance-81-02-etat-civil
ordonnance camerounaise no 81-02 du 29 juin 1981		cvuc-uccc.com/CMR-ordonnance-81-02-etat-civil
ordonnance camerounaise n° 2 du 29 juin 1981		cvuc-uccc.com/CMR-ordonnance-81-02-etat-civil
ordonnance camerounaise n° 81-002 du 29 juin 1981 portant organisation de l'état civil		cvuc-uccc.com/CMR-ordonnance-81-02-etat-civil
ordonnance camerounaise n° 81-02 du 29 juin 1981		cvuc-uccc.com/CMR-ordonnance-81-02-etat-civil
ordonnance camerounaise n° 81/002 du 29 juin 1981		cvuc-uccc.com/CMR-ordonnance-81-02-etat-civil
ordonnance camerounaise n° 81/02 du 29 juin 1981		cvuc-uccc.com/CMR-ordonnance-81-02-etat-civil
ordonnance camerounaise n° 81/022 du 29 juin 1981		cvuc-uccc.com/CMR-ordonnance-81-02-etat-civil
ordonnance du 1 juillet 2004 relative aux associations syndicales de propriétaires		JORFTEXT000000623191
ordonnance du 10 février 2016		JORFTEXT000032004939
ordonnance du 10 février 2016)		JORFTEXT000032003979
ordonnance du 12 mars 2014)		JORFTEXT000028720025
ordonnance du 13 avril 2022 relative à la déontologie et à la discipline des officiers ministériels		JORFTEXT000045570925
ordonnance du 13 mai 2020)		JORFTEXT000041876437
ordonnance du 16 octobre 1958)		JORFTEXT000000517358
ordonnance du 17 juin 2004 sur les contrats de partenariat		JORFTEXT000000438720
ordonnance du 19 février 1970)		who.int/cpcd/DZA-ordonnance-70-20-etat-civil
ordonnance du 19 septembre 1945 portant institution de l'ordre des experts-comptables et réglementant le titre et la profession d'expert-comptable		JORFTEXT000000698851
ordonnance du 1er décembre 1986		JORFTEXT000000333548
ordonnance du 1er décembre 1986)		JORFTEXT000000333548
ordonnance du 1er juillet 2004 relative aux associations de propriétaires		JORFTEXT000000623191
ordonnance du 1er juillet 2004 relative aux associations syndicales de propriétaires		JORFTEXT000000623191
ordonnance du 1er juillet 2004)		JORFTEXT000000623191
ordonnance du 2 novembre 1945		JORFTEXT000000699737
ordonnance du 20 mars 2014 relative à l'expérimentation d'une autorisation unique en matière d'installations classées pour la protection de l'environnement		JORFTEXT000028752144
ordonnance du 22 décembre 1958 modifiée portant loi organique relative au statut de la magistrature		JORFTEXT000000339259
ordonnance du 22 décembre 1958 portant loi organique relative au statut de la magistrature		JORFTEXT000000339259
ordonnance du 22 décembre 1958 relative au statut de la magistrature		JORFTEXT000000339259
ordonnance du 22 septembre 2017)		JORFTEXT000035607348
ordonnance du 23 juillet 2015 relative aux marchés publics		JORFTEXT000030920376
ordonnance du 24 janvier 1996 relative au remboursement de la dette sociale		JORFTEXT000000190291
ordonnance du 24 janvier 1996)		JORFTEXT000000190291
ordonnance du 24 juin 2004)		JORFTEXT000000804070
ordonnance du 25 mars 2020 modifiée portant adaptation des règles applicables devant les juridictions de l'ordre administratif		JORFTEXT000041755612
ordonnance du 25 mars 2020 portant adaptation de règles de procédure pénale sur le fondement de la loi n° 2020-290 du 23 mars 2020 d'urgence pour faire face à l'épidémie de covid-19		JORFTEXT000041755529
ordonnance du 25 mars 2020 portant adaptation des règles applicables devant les juridictions de l'ordre administratif		JORFTEXT000041755612
ordonnance du 25 mars 2020 relatif à la prorogation des délais échus		JORFTEXT000041755644
ordonnance du 25 mars 2020 relative à la prorogation des délais échus		JORFTEXT000041755644
ordonnance du 25 mars 2020)		JORFTEXT000041755577
ordonnance du 25 mars 2020, relative à la prorogation des délais échus		JORFTEXT000041755644
ordonnance du 26 janvier 2017 relative à l'autorisation environnementale		JORFTEXT000033926976
ordonnance du 27 mars 2020 relative à l'organisation des examens et concours		JORFTEXT000041762732
ordonnance du 29 janvier 2016 relative aux contrats de concession		JORFTEXT000031939947
ordonnance du 29 janvier 2016 relative aux contrats de concession, aujourd'hui intégrée dans la partie législative du code de la commande publique		JORFTEXT000031939947
ordonnance du 31 juillet 1945		JORFTEXT000000339903
ordonnance du 4 janvier 2005 portant statut général des fonctionnaires des communes de la polynésie française		JORFTEXT000000808107
ordonnance du 4 janvier 2005 portant statut général des fonctionnaires des communes et des groupements de communes de la polynésie française		JORFTEXT000000808107
ordonnance du 6 décembre 2023 relative à la publication et à la certification d'informations en matière de durabilité et aux obligations environnementales, sociales et de gouvernement d'entreprise des sociétés commerciales		JORFTEXT000048519395
ordonnance du 6 juin 2005 relative aux marchés passés		JORFTEXT000000629820
ordonnance du 6 novembre 2014 relative aux délibérations à distance des instances administratives à caractère collégial		JORFTEXT000029716821
ordonnance du 7 janvier 1959 relative aux actions en réparation civile de l'etat et de certaines autres personnes publiques		JORFTEXT000000886943
ordonnance du 7 novembre 1958 modifiée portant loi organique sur le conseil constitutionnel		JORFTEXT000000705065
ordonnance du 7 novembre 1958 portant loi organique sur le conseil constitutionnel		JORFTEXT000000705065
ordonnance du 7 novembre 1958)		JORFTEXT000000705065
ordonnance du 8 décembre 2005 relative aux échanges électroniques entre les usagers et les autorités administratives et entre les autorités administratives		JORFTEXT000000636232
ordonnance du 8 juillet 1998 portant actualisation et adaptation des règles relatives aux garanties de recouvrement et à la procédure contentieuse en matière d'impôts en polynésie française		JORFTEXT000000572590
ordonnance du 8 mars 2000)		JORFTEXT000000399226
ordonnance n° 81-02		cvuc-uccc.com/CMR-ordonnance-81-02-etat-civil
pacte international des droits civils et politiques		JORFTEXT000000517071
pacte international relatif aux droits civils et politiques		JORFTEXT000000517071
pacte international relatif aux droits civiques et politiques		JORFTEXT000000517071
premier protocole		INTL/CEDH-P1
premier protocole additionnel		INTL/CEDH-P1
protocole additionnel n° 4		INTL/CEDH-P4
protocole additionnel n° 4 de la convention européenne		INTL/CEDH-P4
protocole additionnel n° 4 à cette convention		INTL/CEDH-P4
protocole additionnel n° 7		INTL/CEDH-P7
protocole additionnelle n° 4 à ladite convention		INTL/CEDH-P4
protocole no 1 à la convention		INTL/CEDH-P1
protocole no 4		INTL/CEDH-P4
protocole no 4 à la convention		INTL/CEDH-P4
protocole no 7		INTL/CEDH-P7
protocole no 7 à la convention		INTL/CEDH-P7
protocole no 7)		INTL/CEDH-P7
protocole n° 1 à la convention européenne de sauvegarde des droits de l'homme et des libertés fondamentales		INTL/CEDH-P1
protocole n° 4		INTL/CEDH-P4
protocole n° 4 annexé à cette convention		INTL/CEDH-P4
protocole n° 4 de cette convention		INTL/CEDH-P4
protocole n° 4 à cette convention		INTL/CEDH-P4
protocole n° 4 à la convention européenne de sauvegarde des droits de l'homme et des libertés fondamentales		INTL/CEDH-P4
protocole n° 4 à ladite convention		INTL/CEDH-P4
protocole n° 7		INTL/CEDH-P7
protocole n° 7 annexé à ladite convention		INTL/CEDH-P7
protocole n° 7 à la convention européenne de sauvegarde des droits de l'homme et des libertés fondamentales		INTL/CEDH-P7
protocole n° 7)		INTL/CEDH-P7
protocole sur le statut de la cour de justice		EU/STATUT-CJUE
protocole sur le statut de la cour de justice de l'union européenne		EU/STATUT-CJUE
rgpd		EU/REG/2016-679
règlement ( ce ) 261/2004		EU/REG/261-2004
règlement ( cee ) n 1408/71 ( 1 )		EU/REG/1408-71
règlement ( cee ) n 1408/71 du conseil		EU/REG/1408-71
règlement ( cee ) n° 1408/71		EU/REG/1408-71
règlement ( cee ) n° 1408/71 du conseil		EU/REG/1408-71
règlement (cce) n° 574/72		EU/REG/574-72
règlement (ce) 343/2003 du 18 février 2003 établissant les critères et mécanismes de détermination de l'etat membre responsable de l'examen d'une demande d'asile présentée dans l'un des etats membres		EU/REG/343-2003
règlement (ce) 883/2004 du parlement européen et du conseil du 29 avril 2004 portant sur la coordination des systèmes de sécurité sociale		EU/REG/883-2004
règlement (ce) du conseil n° 44/2001 du 22 décembre 2000		EU/REG/44-2001
règlement (ce) du conseil n° 44/2001 du 22 décembre 2000 concernant la compétence judiciaire		EU/REG/44-2001
règlement (ce) n_ 2100/94 du conseil		EU/REG/2100-94
règlement (ce) n_ 40/94		EU/REG/40-94
règlement (ce) n_ 40/94 du conseil		EU/REG/40-94
règlement (ce) n_ 659/1999 du conseil		EU/REG/659-1999
règlement (ce) n° 1/2003		EU/REG/1-2003
règlement (ce) n° 1/2003 ( 2 )		EU/REG/1-2003
règlement (ce) n° 1/2003 ( 3 )		EU/REG/1-2003
règlement (ce) n° 1/2003 ( 5 )		EU/REG/1-2003
règlement (ce) n° 1/2003 du 16 décembre 2002		EU/REG/1-2003
règlement (ce) n° 1/2003 du conseil		EU/REG/1-2003
règlement (ce) n° 1/2003 du conseil (2)		EU/REG/1-2003
règlement (ce) n° 1/2003 du conseil du 16 décembre 2002		EU/REG/1-2003
règlement (ce) n° 1/2003 du conseil du 16 décembre 2002 relatif à la mise		EU/REG/1-2003
règlement (ce) n° 1083/2006		EU/REG/1083-2006
règlement (ce) n° 1083/2006 du 11 juillet 2006 portant dispositions générales sur le fonds européen de développement régional, le fonds social européen et le fonds de cohésion, et abrogeant le règlement (ce) n° 1260/1999		EU/REG/1083-2006
règlement (ce) n° 1083/2006 du conseil du 11 juillet 2006		EU/REG/1083-2006
règlement (ce) n° 1083/2006 du conseil du 11 juillet 2006 portant dispositions générales sur le fonds européen de développement régional, le fonds social européen et le fonds de cohésion et abrogeant le règlement (ce) n° 1260/1999		EU/REG/1083-2006
règlement (ce) n° 1083/2006 du conseil du 11 juillet 2006 portant dispositions générales sur le fonds européen de développement régional, le fonds social européen et le fonds de cohésion, et abrogeant le règlement (ce) n° 1260/1999		EU/REG/1083-2006
règlement (ce) n° 1107/2009		EU/REG/1107-2009
règlement (ce) n° 1107/2009 du parlement et du conseil du 21 octobre 2009 concernant la mise sur le marché des produits phytopharmaceutiques		EU/REG/1107-2009
règlement (ce) n° 1107/2009 du parlement européen et du conseil du		EU/REG/1107-2009
règlement (ce) n° 1107/2009 et aux règlements d'exécution approuvant les substances actives concernées		EU/REG/1107-2009
règlement (ce) n° 1215/2012		EU/REG/1215-2012
règlement (ce) n° 1234/2007		EU/REG/1234-2007
règlement (ce) n° 1306/2013		EU/REG/1306-2013
règlement (ce) n° 1307/2013		EU/REG/1307-2013
règlement (ce) n° 1308/2013		EU/REG/1308-2013
règlement (ce) n° 1346/2000		EU/REG/1346-2000
règlement (ce) n° 1408/71		EU/REG/1408-71
règlement (ce) n° 1408/71 du conseil du 14 juin 1971		EU/REG/1408-71
règlement (ce) n° 1560/2003		EU/REG/1560-2003
règlement (ce) n° 1560/2003 de la commission		EU/REG/1560-2003
règlement (ce) n° 1560/2003 de la commission du 2 septembre 2003		EU/REG/1560-2003
règlement (ce) n° 1560/2003 de la commission du 2 septembre 2003 portant modalités d'application du règlement (ce) n° 343/2003 du conseil		EU/REG/1560-2003
règlement (ce) n° 1560/2003 de la commission du 2 septembre 2003, tel		EU/REG/1560-2003
règlement (ce) n° 1560/2003 de la commission européenne du 2 septembre 2003		EU/REG/1560-2003
règlement (ce) n° 1560/2003 du 2 septembre 2003		EU/REG/1560-2003
règlement (ce) n° 1560/2003 du 2 septembre 2003 de la commission		EU/REG/1560-2003
règlement (ce) n° 1560/2003 du conseil du 2 septembre 2003		EU/REG/1560-2003
règlement (ce) n° 1560/2003 du parlement européen et du conseil du 2 septembre 2003		EU/REG/1560-2003
règlement (ce) n° 1698/2005		EU/REG/1698-2005
règlement (ce) n° 1698/2005 du 20 septembre 2005 concernant le soutien au développement rural		EU/REG/1698-2005
règlement (ce) n° 1698/2005 du conseil du 20 septembre 2005		EU/REG/1698-2005
règlement (ce) n° 1698/2005 du conseil du 20 septembre 2005 concernant le soutien au développement rural		EU/REG/1698-2005
règlement (ce) n° 178/2002		EU/REG/178-2002
règlement (ce) n° 178/2002 parlement européen et du conseil du 28 janvier 2002		EU/REG/178-2002
règlement (ce) n° 178/2002/ce du 28 janvier 2002		EU/REG/178-2002
règlement (ce) n° 1782/2003		EU/REG/1782-2003
règlement (ce) n° 1907/2006		EU/REG/1907-2006
règlement (ce) n° 1907/2006 du parlement européen et du conseil du 18 décembre 2006		EU/REG/1907-2006
règlement (ce) n° 1907/2006 du parlement européen et du conseil du 18 décembre 2006 relatif à l'enregistrement, l'évaluation et l'autorisation des substances chimiques		EU/REG/1907-2006
règlement (ce) n° 2015/1589		EU/REG/2015-1589
règlement (ce) n° 207/2009		EU/REG/207-2009
règlement (ce) n° 207/2009 du conseil du 26 février 2009		EU/REG/207-2009
règlement (ce) n° 207/2009 sur la marque communautaire		EU/REG/207-2009
règlement (ce) n° 2100/94 du conseil du 27 juillet 1994		EU/REG/2100-94
règlement (ce) n° 2201/2003		EU/REG/2201-2003
règlement (ce) n° 2454/93		EU/REG/2454-93
règlement (ce) n° 261/2004		EU/REG/261-2004
règlement (ce) n° 261/2004 - 672		EU/REG/261-2004
règlement (ce) n° 261/2004 vu les articles 1231		EU/REG/261-2004
règlement (ce) n° 261/2004)		EU/REG/261-2004
règlement (ce) n° 2913/92		EU/REG/2913-92
règlement (ce) n° 343/2003		EU/REG/343-2003
règlement (ce) n° 40/94		EU/REG/40-94
règlement (ce) n° 44/2001		EU/REG/44-2001
règlement (ce) n° 44/2001 concernant la compétence judiciaire		EU/REG/44-2001
règlement (ce) n° 574/72		EU/REG/574-72
règlement (ce) n° 593/2008		EU/REG/593-2008
règlement (ce) n° 593/2008 du parlement européen et du conseil du 17 juin 2008 sur la loi applicable aux obligations contractuelles (rome i)		EU/REG/593-2008
règlement (ce) n° 593/2008, du parlement européen et du conseil, du 17 juin 2008, sur la loi applicable aux obligations contractuelles (rome i)		EU/REG/593-2008
règlement (ce) n° 6/2002		EU/REG/6-2002
règlement (ce) n° 6/2002 du 12 décembre 2001		EU/REG/6-2002
règlement (ce) n° 6/2002 du 12 décembre 2001 sur les dessins		EU/REG/6-2002
règlement (ce) n° 6/2002 du 12 décembre 2001 sur les dessins et modèles communautaires		EU/REG/6-2002
règlement (ce) n° 6/2002 du 12 décembre 2001 sur les dessins ou modèles communautaires		EU/REG/6-2002
règlement (ce) n° 6/2002 du conseil		EU/REG/6-2002
règlement (ce) n° 6/2002 du conseil du 12 décembre 2001		EU/REG/6-2002
règlement (ce) n° 6/2002 du conseil du 12 décembre 2001 sur les dessins		EU/REG/6-2002
règlement (ce) n° 659/1999		EU/REG/659-1999
règlement (ce) n° 726/2004		EU/REG/726-2004
règlement (ce) n° 73/2009		EU/REG/73-2009
règlement (ce) n° 864/2007		EU/REG/864-2007
règlement (ce) n° 864/2007 du parlement européen et du conseil du 11 juillet 2007 sur la loi applicable aux obligations non contractuelles		EU/REG/864-2007
règlement (ce) n° 864/2007 sur la loi applicable aux obligations non contractuelles		EU/REG/864-2007
règlement (ce) n° 883/2004		EU/REG/883-2004
règlement (ce) n° 883/2004 du parlement européen et du conseil du 29 avril 2004		EU/REG/883-2004
règlement (ce) n° 883/2004 du parlement européen et du conseil du 29 avril 2004 portant sur la coordination des systèmes de sécurité sociale		EU/REG/883-2004
règlement (ce) n° 883/2004 du parlement européen et du conseil du 29 avril 2004 sur la coordination des systèmes de sécurité sociale		EU/REG/883-2004
règlement (ce) n° 883/2004)		EU/REG/883-2004
règlement (ce) n° 987/2009		EU/REG/987-2009
règlement (ce) n° 987/2009 du parlement européen et du conseil du 16 septembre 2009		EU/REG/987-2009
règlement (cee) n_ 1408/71		EU/REG/1408-71
règlement (cee) n_ 1408/71 (1)		EU/REG/1408-71
règlement (cee) n_ 1408/71 du conseil		EU/REG/1408-71
règlement (cee) n_ 2454/93		EU/REG/2454-93
règlement (cee) n_ 2454/93 (2)		EU/REG/2454-93
règlement (cee) n_ 2454/93 de la commission		EU/REG/2454-93
règlement (cee) n_ 2913/92		EU/REG/2913-92
règlement (cee) n_ 2913/92 du conseil		EU/REG/2913-92
règlement (cee) n_ 574/72		EU/REG/574-72
règlement (cee) n_ 574/72 (37)		EU/REG/574-72
règlement (cee) n_ 574/72 du conseil		EU/REG/574-72
règlement (cee) n° 1346/2000		EU/REG/1346-2000
règlement (cee) n° 1408/71		EU/REG/1408-71
règlement (cee) n° 1408/71 du conseil du 14 juin 1971		EU/REG/1408-71
règlement (cee) n° 1408/71 du conseil du 14 juin 1971 relatif à l'application des régimes de sécurité sociale aux travailleurs salariés et à leur famille		EU/REG/1408-71
règlement (cee) n° 1408/71 et plus particulièrement à son paragraphe 2		EU/REG/1408-71
règlement (cee) n° 1408/71 relatif à l'application des régimes de sécurité sociale aux travailleurs salariés		EU/REG/1408-71
règlement (cee) n° 2454/93		EU/REG/2454-93
règlement (cee) n° 2913/92		EU/REG/2913-92
règlement (cee) n° 343/2003		EU/REG/343-2003
règlement (cee) n° 40/94		EU/REG/40-94
règlement (cee) n° 44/2001		EU/REG/44-2001
règlement (cee) n° 574/72		EU/REG/574-72
règlement (cee) n° 593/2008		EU/REG/593-2008
règlement (cee) n° 883/2004		EU/REG/883-2004
règlement (cee) n° 987/2009		EU/REG/987-2009
règlement (eu) 2015/1589		EU/REG/2015-1589
règlement (eu) n° 650/2012		EU/REG/650-2012
règlement (ue) 2016/399 du parlement européen et du conseil du 9 mars 2016		EU/REG/2016-399
règlement (ue) 2016/679 du parlement européen et du conseil du 27 avril 2016		EU/REG/2016-679
règlement (ue) 2016/679 du parlement européen et du conseil du 27 avril 2016 relatif à la protection des personnes physiques à l'égard du traitement des données à caractère personnel et à la libre circulation de ces données		EU/REG/2016-679
règlement (ue) 806/2014 du parlement européen et du conseil du 15 juillet 2014		EU/REG/806-2014
règlement (ue) n' 1307/2013		EU/REG/1307-2013
règlement (ue) n° 1107/2009		EU/REG/1107-2009
règlement (ue) n° 1215/2012		EU/REG/1215-2012
règlement (ue) n° 1215/2012 concernant la compétence judiciaire		EU/REG/1215-2012
règlement (ue) n° 1215/2012 expressément		EU/REG/1215-2012
règlement (ue) n° 1306/2013		EU/REG/1306-2013
règlement (ue) n° 1307/2013		EU/REG/1307-2013
règlement (ue) n° 1307/2013 du 17 décembre 2013		EU/REG/1307-2013
règlement (ue) n° 1307/2013 du parlement européen et du conseil du 17 décembre 2013		EU/REG/1307-2013
règlement (ue) n° 1307/2013 du parlement européen et du conseil du 17 décembre 2013 établissant les règles relatives aux paiements directs en faveur des agriculteurs au titre des régimes de soutien relevant de la politique agricole commune		EU/REG/1307-2013
règlement (ue) n° 1307/2013 relatif aux paiements directs		EU/REG/1307-2013
règlement (ue) n° 1307/2013 susvisé établissant les règles		EU/REG/1307-2013
règlement (ue) n° 1307/2013 établissant les règles		EU/REG/1307-2013
règlement (ue) n° 1308/2013		EU/REG/1308-2013
règlement (ue) n° 1308/2013 du 17 décembre 2013		EU/REG/1308-2013
règlement (ue) n° 1308/2013 du parlement européen et du conseil du 17 décembre 2013		EU/REG/1308-2013
règlement (ue) n° 1308/2013 du parlement européen et du conseil du 17 décembre 2013 portant organisation commune des marchés des produits agricoles		EU/REG/1308-2013
règlement (ue) n° 1408/71		EU/REG/1408-71
règlement (ue) n° 1560/2003		EU/REG/1560-2003
règlement (ue) n° 1560/2003 de la commission du 2 septembre 2003		EU/REG/1560-2003
règlement (ue) n° 178/2002		EU/REG/178-2002
règlement (ue) n° 1907/2006		EU/REG/1907-2006
règlement (ue) n° 2015/1589		EU/REG/2015-1589
règlement (ue) n° 2016/399		EU/REG/2016-399
règlement (ue) n° 2016/399 du parlement européen et du conseil du 9 mars 2016		EU/REG/2016-399
règlement (ue) n° 2016/399 du parlement européen et du conseil du 9 mars 2016 concernant un code de l'union relatif au régime de franchissement des frontières		EU/REG/2016-399
règlement (ue) n° 2016/679		EU/REG/2016-679
règlement (ue) n° 2016/679 du 27 avril 2016		EU/REG/2016-679
règlement (ue) n° 2016/679 du parlement européen et du conseil du 27 avril 2016		EU/REG/2016-679
règlement (ue) n° 2016/679 relatif à la protection des données personnelles (dit rgpd)		EU/REG/2016-679
règlement (ue) n° 2016/679 relatif à la protection des personnes physiques à l'égard du traitement des données à caractère personnel et à la libre circulation de ces données		EU/REG/2016-679
règlement (ue) n° 2017/1001		EU/REG/2017-1001
règlement (ue) n° 2017/1001 sur la marque de l'union européenne		EU/REG/2017-1001
règlement (ue) n° 2018/1861		EU/REG/2018-1861
règlement (ue) n° 2018/1861 du parlement européen et du conseil du 28 novembre 2018		EU/REG/2018-1861
règlement (ue) n° 207/2009		EU/REG/207-2009
règlement (ue) n° 261/2004		EU/REG/261-2004
règlement (ue) n° 343/2003		EU/REG/343-2003
règlement (ue) n° 44/2001		EU/REG/44-2001
règlement (ue) n° 528/2012		EU/REG/528-2012
règlement (ue) n° 528/2012 du parlement européen et du conseil du 22 mai 2012		EU/REG/528-2012
règlement (ue) n° 575/2013		EU/REG/575-2013
règlement (ue) n° 603/2013		EU/REG/603-2013
règlement (ue) n° 604/2013		EU/REG/604-2013
règlement (ue) n° 650/2012		EU/REG/650-2012
règlement (ue) n° 806/2014		EU/REG/806-2014
règlement (ue) n° 864/2007		EU/REG/864-2007
règlement (ue) n° 883/2004		EU/REG/883-2004
règlement (ue) n° 910/2014		EU/REG/910-2014
règlement (ue) n° 910/2014 du parlement européen et du conseil du 23 juillet 2014		EU/REG/910-2014
règlement (ue) n° 952/2013		EU/REG/952-2013
règlement (ue) n° 952/2013 du parlement européen et du conseil du 9 octobre 2013		EU/REG/952-2013
règlement (ue) n° 952/2013 du parlement européen et du conseil du 9 octobre 2013 établissant le code des douanes de l'union		EU/REG/952-2013
règlement (ue) n° 952/2013 établissant le code des douanes de l'union		EU/REG/952-2013
règlement (ue) n° 987/2009		EU/REG/987-2009
règlement 1/2003		EU/REG/1-2003
règlement 1083/2006		EU/REG/1083-2006
règlement 1107/2009		EU/REG/1107-2009
règlement 1215/2012		EU/REG/1215-2012
règlement 1234/2007		EU/REG/1234-2007
règlement 1306/2013		EU/REG/1306-2013
règlement 1307/2013		EU/REG/1307-2013
règlement 1308/2013		EU/REG/1308-2013
règlement 1346/2000		EU/REG/1346-2000
règlement 1408/71		EU/REG/1408-71
règlement 1408/71 )		EU/REG/1408-71
règlement 1408/71 - portée (règlement du conseil n° 1408/71		EU/REG/1408-71
règlement 1408/71 ont		EU/REG/1408-71
règlement 1408/71 règle le droit aux prestations		EU/REG/1408-71
règlement 1408/71)		EU/REG/1408-71
règlement 1408/71/ce		EU/REG/1408-71
règlement 1408/71/cee		EU/REG/1408-71
règlement 1560/2003		EU/REG/1560-2003
règlement 1698/2005		EU/REG/1698-2005
règlement 178/2002		EU/REG/178-2002
règlement 178/2002/ce		EU/REG/178-2002
règlement 1782/2003		EU/REG/1782-2003
règlement 1782/2003 tel		EU/REG/1782-2003
règlement 1782/2003/cee		EU/REG/1782-2003
règlement 1907/2006		EU/REG/1907-2006
règlement 1907/2006 et incluant ces substances		EU/REG/1907-2006
règlement 2015/1589		EU/REG/2015-1589
règlement 2015/1589)		EU/REG/2015-1589
règlement 2016/399		EU/REG/2016-399
règlement 2016/679		EU/REG/2016-679
règlement 2016/679 du parlement européen et du conseil du 27 avril 2016		EU/REG/2016-679
règlement 2016/679/ue		EU/REG/2016-679
règlement 2017/1001		EU/REG/2017-1001
règlement 2017/1001 10 la requérante fait valoir		EU/REG/2017-1001
règlement 2017/1001 18		EU/REG/2017-1001
règlement 2017/1001 a expiré		EU/REG/2017-1001
règlement 2017/1001 comme visant		EU/REG/2017-1001
règlement 2017/1001 comme visant l'article 7		EU/REG/2017-1001
règlement 2017/1001 comme visant l'article 8		EU/REG/2017-1001
règlement 2017/1001 comme visant la disposition d'une teneur identique prévue à l'article 15		EU/REG/2017-1001
règlement 2017/1001 correspond à l'article 97		EU/REG/2017-1001
règlement 2017/1001 faites		EU/REG/2017-1001
règlement 2017/1001 lu		EU/REG/2017-1001
règlement 2017/1001 s'appliquait		EU/REG/2017-1001
règlement 2017/1001 s'appliquait conformément		EU/REG/2017-1001
règlement 2017/1001 sur la marque de l'union européenne		EU/REG/2017-1001
règlement 2017/1001)		EU/REG/2017-1001
règlement 2017/1001), à l'enregistrement international		EU/REG/2017-1001
règlement 2017/1001, à l'enregistrement de la marque demandée		EU/REG/2017-1001
règlement 2018/625		EU/REG/2018-625
règlement 207/2009		EU/REG/207-2009
règlement 2201/2003		EU/REG/2201-2003
règlement 2454/93		EU/REG/2454-93
règlement 261/2004		EU/REG/261-2004
règlement 2913/92		EU/REG/2913-92
règlement 2913/92, établissant le code des douanes communautaire		EU/REG/2913-92
règlement 343/2003		EU/REG/343-2003
règlement 343/2003/ce		EU/REG/343-2003
règlement 40/94		EU/REG/40-94
règlement 44/2001		EU/REG/44-2001
règlement 44/2001 ce du 22 décembre 2000		EU/REG/44-2001
règlement 44/2001/ce		EU/REG/44-2001
règlement 528/2012		EU/REG/528-2012
règlement 574/72		EU/REG/574-72
règlement 575/2013		EU/REG/575-2013
règlement 6/2002		EU/REG/6-2002
règlement 6/2002 du 12 décembre 2001 assure une protection d'une durée de 3 ans, à compter de leur première divulgation		EU/REG/6-2002
règlement 650/2012		EU/REG/650-2012
règlement 659/1999		EU/REG/659-1999
règlement 726/2004		EU/REG/726-2004
règlement 806/2014		EU/REG/806-2014
règlement 883/2004		EU/REG/883-2004
règlement 987/2009		EU/REG/987-2009
règlement amf		FR/AMF-RG
règlement bruxelles i		EU/REG/44-2001
règlement bruxelles i bis		EU/REG/1215-2012
règlement bruxelles i bis ce n° 1215/2012		EU/REG/1215-2012
règlement bruxelles i bis n° 1215/2012		EU/REG/1215-2012
règlement ce du conseil n° 44/2001 du 22 décembre 2000		EU/REG/44-2001
règlement ce/343/2003 du 18 février 2003		EU/REG/343-2003
règlement communautaire 1107/2009		EU/REG/1107-2009
règlement communautaire 1346/2000 relatif à l'insolvabilité		EU/REG/1346-2000
règlement communautaire 44/2001 du 22 décembre 2000		EU/REG/44-2001
règlement communautaire 574/72		EU/REG/574-72
règlement communautaire dit dublin iii		EU/REG/604-2013
règlement communautaire no 40/94		EU/REG/40-94
règlement communautaire n° 1/2003		EU/REG/1-2003
règlement communautaire n° 1346/2000 du 29 mai 2000		EU/REG/1346-2000
règlement communautaire n° 1346/2000 du 29 mai 2000 relatif aux procédures d'insolvabilité		EU/REG/1346-2000
règlement communautaire n° 1408/71		EU/REG/1408-71
règlement communautaire n° 1408/71 du 14 juin 1971		EU/REG/1408-71
règlement communautaire n° 261/2004		EU/REG/261-2004
règlement communautaire n° 343/2003		EU/REG/343-2003
règlement communautaire n° 343/2003 du 18 février 2003		EU/REG/343-2003
règlement communautaire n° 44/2001		EU/REG/44-2001
règlement communautaire n° 44/2001 du 22 décembre 2000		EU/REG/44-2001
règlement communautaire n° 44/2001 du conseil du 22 décembre 2000 concernant la compétence judiciaire		EU/REG/44-2001
règlement communautaire n° 6/2002 du 12 décembre 2001		EU/REG/6-2002
règlement d'application (ce) n° 1560/2003		EU/REG/1560-2003
règlement d'application (ce) n° 987/2009		EU/REG/987-2009
règlement d'application (ce) n° 987/2009 du parlement européen et du conseil du 16 septembre 2009		EU/REG/987-2009
règlement d'application 1560/2003		EU/REG/1560-2003
règlement d'application 987/2009		EU/REG/987-2009
règlement d'application no 574/72		EU/REG/574-72
règlement d'application n° 987/2009		EU/REG/987-2009
règlement d'application n°'987/2009		EU/REG/987-2009
règlement d'exécution de la commission du 17 juillet 2014 établissant les modalités d'application du règlement n° 1306/2013		EU/REG/1306-2013
règlement d'exécution n° 1560/2003		EU/REG/1560-2003
règlement de bruxelles n° 1215/2012 du 12 décembre 2012		EU/REG/1215-2012
règlement de l'amf		FR/AMF-RG
règlement de l'autorité des marchés financiers		FR/AMF-RG
règlement de l'union européenne n° 1215/2012		EU/REG/1215-2012
règlement de l'union européenne n° 1215/2012 du parlement européen et du conseil du 12 décembre 2012 concernant la compétence judiciaire		EU/REG/1215-2012
règlement de procédure de la cour de justice		EU/RPROC/CJUE
règlement de procédure du tribunal de l'union européenne		EU/RPROC/TRIBUNAL
règlement de procédure du tribunal de première instance		EU/RPROC/TRIBUNAL
règlement de procédure du tribunal de première instance des communautés européennes		EU/RPROC/TRIBUNAL
règlement de procédure du tribunal du 2 mai 1991		EU/RPROC/TRIBUNAL
règlement de rome i		EU/REG/593-2008
règlement de rome ii		EU/REG/864-2007
règlement du conseil européen numéro 1346/2000 du 29 mai 2000		EU/REG/1346-2000
règlement du conseil no 1408/71		EU/REG/1408-71
règlement du conseil no 574/72		EU/REG/574-72
règlement du conseil n° 1346/2000 du 29 mai 2000 relatif aux procédures d'insolvabilité		EU/REG/1346-2000
règlement du conseil n° 1346/2000 relatif aux procédures d'insolvabilité		EU/REG/1346-2000
règlement du conseil n° 1698/2005 du 20 septembre 2005		EU/REG/1698-2005
règlement du conseil n° 2913/92 du 12 octobre 1992 (cdc)		EU/REG/2913-92
règlement du conseil n° 343/2003 du 18 février 2003		EU/REG/343-2003
règlement du conseil n° 44/2001 du 22 décembre 2000		EU/REG/44-2001
règlement du conseil n° 44/2001 du 22 décembre 2000 concernant la compétence judiciaire		EU/REG/44-2001
règlement dublin		EU/REG/604-2013
règlement dublin iii		EU/REG/604-2013
règlement dublin iii ( 4 )		EU/REG/604-2013
règlement dublin iii (arrêt du 26 juillet 2017		EU/REG/604-2013
règlement dublin iii a) procédures de		EU/REG/604-2013
règlement dublin iii et décider d'examiner une demande de protection internationale présentée		EU/REG/604-2013
règlement dublin iii figure		EU/REG/604-2013
règlement dublin iii incombe à une autorité administrative différente de celle chargée d'appliquer les critères de détermination de l'état membre responsable fixés		EU/REG/604-2013
règlement dublin iii)		EU/REG/604-2013
règlement délégué (ue) 2018/625 de la commission		EU/REG/2018-625
règlement délégué (ue) 2018/625 de la commission du 5 mars 2018		EU/REG/2018-625
règlement délégué (ue) 2018/625 de la commission du 5 mars 2018 complétant le règlement (ue) 2017/1001 du parlement européen et du conseil sur la marque de l'union européenne		EU/REG/2018-625
règlement délégué (ue) 2018/625 de la commission du 5 mars 2018 complétant le règlement 2017/1001		EU/REG/2018-625
règlement délégué 2018/625		EU/REG/2018-625
règlement délégué 2018/625)		EU/REG/2018-625
règlement délégué no 2018/625		EU/REG/2018-625
règlement eu261/2004		EU/REG/261-2004
règlement européen (ce) n° 1107/2009		EU/REG/1107-2009
règlement européen (ce) n° 1560/2003 de la commission du 2 septembre 2003		EU/REG/1560-2003
règlement européen (ce) n° 261/2004		EU/REG/261-2004
règlement européen (ce) n°261/2004		EU/REG/261-2004
règlement européen 1215/2012		EU/REG/1215-2012
règlement européen 1308/2013		EU/REG/1308-2013
règlement européen 1408/71		EU/REG/1408-71
règlement européen 261/2004		EU/REG/261-2004
règlement européen 261/2004 du parlement et du conseil du 11 février 2004		EU/REG/261-2004
règlement européen 528/2012		EU/REG/528-2012
règlement européen 593/2008		EU/REG/593-2008
règlement européen 864/2007		EU/REG/864-2007
règlement européen 987/2009		EU/REG/987-2009
règlement européen ce 261/2004		EU/REG/261-2004
règlement européen ce n° 261/2004		EU/REG/261-2004
règlement européen ce n° 261/2004 du 11 février 2004		EU/REG/261-2004
règlement européen n 261/2004		EU/REG/261-2004
règlement européen numéro 650/2012 du parlement européen et du conseil du 4 juillet 2012		EU/REG/650-2012
règlement européen n° 1107/2009 du 21 octobre 2009 relatif aux conditions d'autorisation de mise sur le marché des produits phytopharmaceutiques		EU/REG/1107-2009
règlement européen n° 1215/2012		EU/REG/1215-2012
règlement européen n° 1215/2012 concernant la compétence judiciaire		EU/REG/1215-2012
règlement européen n° 1215/2012 du 12 décembre 2012		EU/REG/1215-2012
règlement européen n° 1215/2012 du parlement européen et du conseil du 12 décembre 2012 sur la compétence judiciaire		EU/REG/1215-2012
règlement européen n° 1215/2012 relatif à la compténzece en matirère de contrats		EU/REG/1215-2012
règlement européen n° 178/2002		EU/REG/178-2002
règlement européen n° 2016/679 du 27 avril 2016 sur la protection des données personnelles (rgpd		EU/REG/2016-679
règlement européen n° 261/2004		EU/REG/261-2004
règlement européen n° 261/2004 du 11 février 2004		EU/REG/261-2004
règlement européen n° 261/2004 du parlement européen et du conseil du 11 février 2004 établissant des règles communes		EU/REG/261-2004
règlement européen n° 343/2003 du 18 février 2003		EU/REG/343-2003
règlement européen n° 44/2001 du 22 décembre 2000		EU/REG/44-2001
règlement européen n° 593/2008 du 17 juin 2008		EU/REG/593-2008
règlement européen n° 593/2008 du 17 juin 2008 sur la loi applicable aux obligations contractuelles (rome i)		EU/REG/593-2008
règlement européen n° 864/2007 du 11 juillet 2007 (règlement rome ii)		EU/REG/864-2007
règlement européen n° 883/2004		EU/REG/883-2004
règlement européen n° 883/2004 du 29 avril 2004		EU/REG/883-2004
règlement européen n° 987/2009		EU/REG/987-2009
règlement européen reach		EU/REG/1907-2006
règlement générai de l'amf		FR/AMF-RG
règlement général amf		FR/AMF-RG
règlement général de 1'amf		FR/AMF-RG
règlement général de i'amf		FR/AMF-RG
règlement général de l' amf		FR/AMF-RG
règlement général de l'amf		FR/AMF-RG
règlement général de l'amf (autorité des marchés financiers)		FR/AMF-RG
règlement général de l'amf (le rgamf)		FR/AMF-RG
règlement général de l'amf (rgamf)		FR/AMF-RG
règlement général de l'amf précité		FR/AMF-RG
règlement général de l'autorité des marches financiers (amf)		FR/AMF-RG
règlement général de l'autorité des marché financiers (rgamf)		FR/AMF-RG
règlement général de l'autorité des marchés financier (amf) et l		FR/AMF-RG
règlement général de l'autorité des marchés financiers ( amf)		FR/AMF-RG
règlement général de l'autorité des marchés financiers ('amf')		FR/AMF-RG
règlement général de l'autorité des marchés financiers (amf)		FR/AMF-RG
règlement général de l'autorité des marchés financiers (autorité des marchés financiers)		FR/AMF-RG
règlement général de l'autorité des marchés financiers (ci-après amf)		FR/AMF-RG
règlement général de l'autorité des marchés financiers (l'amf)		FR/AMF-RG
règlement général de l'autorité des marchés financiers (rgamf)		FR/AMF-RG
règlement général de l'autorité des marchés financiers dit rgamf		FR/AMF-RG
règlement général de l'autorité des marchés financiers homologué		FR/AMF-RG
règlement général de l'autorité des marchés financiers)		FR/AMF-RG
règlement général de l'autorités des marchés financiers		FR/AMF-RG
règlement général de protection des données		EU/REG/2016-679
règlement général de protection des données (rgpd)		EU/REG/2016-679
règlement général e l'amf (rgamf)		FR/AMF-RG
règlement général sur la protection des données		EU/REG/2016-679
règlement général sur la protection des données (rgpd)		EU/REG/2016-679
règlement général sur la protection des données du 27 avril 2016		EU/REG/2016-679
règlement général sur la protection des données et du droit à la vie privée (article 9 du code civil) ce courrier		EU/REG/2016-679
règlement général sur la protection des données)		EU/REG/2016-679
règlement général)		JORFTEXT000028714439
règlement générale de l'amf		FR/AMF-RG
règlement n 1083/2006		EU/REG/1083-2006
règlement n 1408/71		EU/REG/1408-71
règlement n 1408/71)		EU/REG/1408-71
règlement n 2100/94		EU/REG/2100-94
règlement n 2201/2003		EU/REG/2201-2003
règlement n 528/2012		EU/REG/528-2012
règlement n 574/72		EU/REG/574-72
règlement n 659/1999		EU/REG/659-1999
règlement n o 1/2003		EU/REG/1-2003
règlement n o 1346/2000		EU/REG/1346-2000
règlement n o 1782/2003		EU/REG/1782-2003
règlement n o 40/94		EU/REG/40-94
règlement n o 6/2002		EU/REG/6-2002
règlement n o 659/1999		EU/REG/659-1999
règlement n ° 650/2012 du parlement européen et du conseil du 4 juillet 2012 relatif à la compétence		EU/REG/650-2012
règlement n °6/2002		EU/REG/6-2002
règlement n °806/2014		EU/REG/806-2014
règlement n1 987/2009		EU/REG/987-2009
règlement n_ 1408/71		EU/REG/1408-71
règlement n_ 1408/71 (20)		EU/REG/1408-71
règlement n_ 1408/71 (dans la version		EU/REG/1408-71
règlement n_ 1408/71 - champ d'application - prestation		EU/REG/1408-71
règlement n_ 1408/71 et liquidés conformément à l'article 46 de ce règlement		EU/REG/1408-71
règlement n_ 2001/83		EU/DIR/2001-83
règlement n_ 2454/93		EU/REG/2454-93
règlement n_ 2913/92		EU/REG/2913-92
règlement n_ 2913/92 établissant le code des douanes communautaire		EU/REG/2913-92
règlement n_ 2913/92, établissant le code des douanes communautaire		EU/REG/2913-92
règlement n_ 40/94		EU/REG/40-94
règlement n_ 40/94 sur la marque communautaire		EU/REG/40-94
règlement n_ 574/72		EU/REG/574-72
règlement n_ 574/72 (4)		EU/REG/574-72
règlement n_ 574/72 (8)		EU/REG/574-72
règlement n_ 659/1999		EU/REG/659-1999
règlement no 1/2003		EU/REG/1-2003
règlement no 1/2003 ( 120 )		EU/REG/1-2003
règlement no 1/2003 ( 4 )		EU/REG/1-2003
règlement no 1/2003 (affaire at		EU/REG/1-2003
règlement no 1/2003 (affaire comp/d2/39514)		EU/REG/1-2003
règlement no 1/2003 (voir		EU/REG/1-2003
règlement no 1/2003 contre les requérantes et des entités légales des entreprises mentionnées		EU/REG/1-2003
règlement no 1/2003 du conseil du 16 décembre 2002 relatif à la mise		EU/REG/1-2003
règlement no 1/2003 et des lignes directrices		EU/REG/1-2003
règlement no 1/2003 et des lignes directrices de 2006		EU/REG/1-2003
règlement no 1/2003 et le principe de bonne administration		EU/REG/1-2003
règlement no 1/2003 si		EU/REG/1-2003
règlement no 1/2003)		EU/REG/1-2003
règlement no 1/2003, à l'égard d'ervin		EU/REG/1-2003
règlement no 1/2003, à plusieurs sociétés et associations opérant		EU/REG/1-2003
règlement no 1083/2006		EU/REG/1083-2006
règlement no 1107/2009		EU/REG/1107-2009
règlement no 1107/2009 du parlement européen et du conseil		EU/REG/1107-2009
règlement no 1107/2009 prescrirait aux états membres l'obligation d'effectuer l'évaluation comparative régulièrement		EU/REG/1107-2009
règlement no 1107/2009 prévoyait l'adoption d'un règlement		EU/REG/1107-2009
règlement no 1107/2009)		EU/REG/1107-2009
règlement no 1215/2012		EU/REG/1215-2012
règlement no 1215/2012) (4)		EU/REG/1215-2012
règlement no 1234/2007		EU/REG/1234-2007
règlement no 1234/2007 énonçait, à son paragraphe 1		EU/REG/1234-2007
règlement no 1234/2007)		EU/REG/1234-2007
règlement no 1306/2013		EU/REG/1306-2013
règlement no 1307/2013		EU/REG/1307-2013
règlement no 1308/2013		EU/REG/1308-2013
règlement no 1308/2013 reprend		EU/REG/1308-2013
règlement no 1308/2013)		EU/REG/1308-2013
règlement no 1346/2000		EU/REG/1346-2000
règlement no 1408/71		EU/REG/1408-71
règlement no 1408/71 aux pays-bas		EU/REG/1408-71
règlement no 1408/71 contient		EU/REG/1408-71
règlement no 1408/71 de telle manière		EU/REG/1408-71
règlement no 1408/71 du conseil		EU/REG/1408-71
règlement no 1408/71 du conseil du 14 juin 1971		EU/REG/1408-71
règlement no 1408/71 du conseil du 14 juin 1971 relatif à l'application des régimes de sécurité sociale aux travailleurs salariés et à leur famille		EU/REG/1408-71
règlement no 1408/71 relatif à l'application des régimes de sécurité sociale aux travailleurs salariés et à leur famille		EU/REG/1408-71
règlement no 1408/71 régit la		EU/REG/1408-71
règlement no 1408/71)		EU/REG/1408-71
règlement no 1560/2003		EU/REG/1560-2003
règlement no 1698/2005		EU/REG/1698-2005
règlement no 1698/2005)		EU/REG/1698-2005
règlement no 178/2002		EU/REG/178-2002
règlement no 1782/2003		EU/REG/1782-2003
règlement no 1782/2003 disposait		EU/REG/1782-2003
règlement no 1782/2003, à la moyenne des paiements accordés à un agriculteur		EU/REG/1782-2003
règlement no 1907/2006		EU/REG/1907-2006
règlement no 1907/2006 du parlement européen et du conseil		EU/REG/1907-2006
règlement no 2015/1589		EU/REG/2015-1589
règlement no 2017/1001		EU/REG/2017-1001
règlement no 2017/1001)		EU/REG/2017-1001
règlement no 207/2009		EU/REG/207-2009
règlement no 207/2009 ( 4 )		EU/REG/207-2009
règlement no 207/2009 (devenu article 104 du règlement 2017/1001)		EU/REG/207-2009
règlement no 207/2009 (devenu article 124 du règlement 2017/1001)		EU/REG/207-2009
règlement no 207/2009 (devenu article 18		EU/REG/207-2009
règlement no 207/2009 (devenu article 46		EU/REG/207-2009
règlement no 207/2009 (devenu article 46 du règlement 2017/1001)		EU/REG/207-2009
règlement no 207/2009 (devenu article 46 du règlement 2017/1001), à l'enregistrement de la marque demandée		EU/REG/207-2009
règlement no 207/2009 (devenu article 47		EU/REG/207-2009
règlement no 207/2009 (devenu article 58		EU/REG/207-2009
règlement no 207/2009 (devenu article 61 du règlement 2017/1001)		EU/REG/207-2009
règlement no 207/2009 (devenu article 62		EU/REG/207-2009
règlement no 207/2009 (devenu article 63		EU/REG/207-2009
règlement no 207/2009 (devenu article 64		EU/REG/207-2009
règlement no 207/2009 (devenu article 7		EU/REG/207-2009
règlement no 207/2009 (devenu article 72		EU/REG/207-2009
règlement no 207/2009 (devenu article 72 du règlement 2017/1001)		EU/REG/207-2009
règlement no 207/2009 (devenu article 8		EU/REG/207-2009
règlement no 207/2009 (devenu article 94 du règlement 2017/1001)		EU/REG/207-2009
règlement no 207/2009 (devenu article 95		EU/REG/207-2009
règlement no 207/2009 (devenu article 96		EU/REG/207-2009
règlement no 207/2009 (devenus article 71		EU/REG/207-2009
règlement no 207/2009 (devenus articles 66 à 71 du règlement 2017/1001)		EU/REG/207-2009
règlement no 207/2009 (les articles 15		EU/REG/207-2009
règlement no 207/2009 (voir		EU/REG/207-2009
règlement no 207/2009 a		EU/REG/207-2009
règlement no 207/2009 admet		EU/REG/207-2009
règlement no 207/2009 de la marque contestée		EU/REG/207-2009
règlement no 207/2009 disposait		EU/REG/207-2009
règlement no 207/2009 reprennent		EU/REG/207-2009
règlement no 207/2009 énonçait		EU/REG/207-2009
règlement no 207/2009)		EU/REG/207-2009
règlement no 207/2009, à l'enregistrement de la marque		EU/REG/207-2009
règlement no 207/2009, à l'enregistrement de la marque contestée		EU/REG/207-2009
règlement no 207/2009, à l'enregistrement de la marque demandée		EU/REG/207-2009
règlement no 207/2009, à l'enregistrement des marques demandées		EU/REG/207-2009
règlement no 207/2009, énonçait, à son paragraphe 1		EU/REG/207-2009
règlement no 2100/94		EU/REG/2100-94
règlement no 2100/94 (jo l 173		EU/REG/2100-94
règlement no 2201/2003		EU/REG/2201-2003
règlement no 2201/2003 du 27 novembre 2003		EU/REG/2201-2003
règlement no 2201/2003 du conseil du 27 novembre 2003 relatif à la compétence		EU/REG/2201-2003
règlement no 2454/93		EU/REG/2454-93
règlement no 2454/93 de la commission		EU/REG/2454-93
règlement no 2454/93)		EU/REG/2454-93
règlement no 261/2004		EU/REG/261-2004
règlement no 261/2004 du fait du retard de plus de trois heures à l'arrivée des vols		EU/REG/261-2004
règlement no 2913/92		EU/REG/2913-92
règlement no 2913/92 du conseil du 12 octobre 1992 établissant le code des douanes communautaire		EU/REG/2913-92
règlement no 2913/92 énonçait		EU/REG/2913-92
règlement no 343/2003		EU/REG/343-2003
règlement no 40/94		EU/REG/40-94
règlement no 40/94 (devenu article 120		EU/REG/40-94
règlement no 40/94 (devenu article 7		EU/REG/40-94
règlement no 40/94 (devenu article 80 du règlement no 207/2009)		EU/REG/40-94
règlement no 40/94, à examiner les moyens invoqués		EU/REG/40-94
règlement no 40/94, à l'encontre de l'enregistrement de la marque demandée		EU/REG/40-94
règlement no 44/2001		EU/REG/44-2001
règlement no 44/2001 à la lumière des objectifs et du système dudit règlement		EU/REG/44-2001
règlement no 528/2012		EU/REG/528-2012
règlement no 528/2012 eu égard		EU/REG/528-2012
règlement no 574/72		EU/REG/574-72
règlement no 574/72 du conseil		EU/REG/574-72
règlement no 575/2013		EU/REG/575-2013
règlement no 593/2008 du parlement européen et du conseil du 17 juin 2008 sur la loi applicable aux obligations contractuelles		EU/REG/593-2008
règlement no 6/2002		EU/REG/6-2002
règlement no 6/2002 devait être écarté		EU/REG/6-2002
règlement no 6/2002 se prêtent à deux interprétations différentes entre		EU/REG/6-2002
règlement no 6/2002) soit		EU/REG/6-2002
règlement no 6/2002, à savoir celles		EU/REG/6-2002
règlement no 650/2012		EU/REG/650-2012
règlement no 659/1999		EU/REG/659-1999
règlement no 659/1999 du conseil		EU/REG/659-1999
règlement no 659/1999)		EU/REG/659-1999
règlement no 726/2004		EU/REG/726-2004
règlement no 726/2004 renvoie aux renseignements visés notamment à l'article 8		EU/REG/726-2004
règlement no 726/2004 traduisent également la volonté du législateur		EU/REG/726-2004
règlement no 726/2004)		EU/REG/726-2004
règlement no 73/2009		EU/REG/73-2009
règlement no 806/2014		EU/REG/806-2014
règlement no 806/2014 et des articles 4 à 9		EU/REG/806-2014
règlement no 864/2007		EU/REG/864-2007
règlement no 883/2004		EU/REG/883-2004
règlement no 883/2004 figure		EU/REG/883-2004
règlement no 883/2004 tel		EU/REG/883-2004
règlement no 910/2014		EU/REG/910-2014
règlement no 952/2013		EU/REG/952-2013
règlement no 952/2013)		EU/REG/952-2013
règlement no 987/2009		EU/REG/987-2009
règlement no1215/2012 du parlement et du conseil du 12 décembre 2012 concernant la compétence judiciaire		EU/REG/1215-2012
règlement no806/2014		EU/REG/806-2014
règlement no°806/2014		EU/REG/806-2014
règlement n° (ce) 864/2007		EU/REG/864-2007
règlement n° (ce) 864/2007, du 11 juillet 2007		EU/REG/864-2007
règlement n° 1/2003		EU/REG/1-2003
règlement n° 1/2003 (10)		EU/REG/1-2003
règlement n° 1/2003 a		EU/REG/1-2003
règlement n° 1/2003 plusieurs inspections		EU/REG/1-2003
règlement n° 1/2003 édicte		EU/REG/1-2003
règlement n° 1/2003)		EU/REG/1-2003
règlement n° 1560/2003 de la commission du 2 septembre 2003		EU/REG/1560-2003
règlement n° 178/2002		EU/REG/178-2002
règlement n° 207/2009		EU/REG/207-2009
règlement n° 207/2009 et la possibilité		EU/REG/207-2009
règlement n° 207/2009)		EU/REG/207-2009
règlement n° 207/2009, à l'enregistrement de la marque		EU/REG/207-2009
règlement n° 207/2009, à l'enregistrement de la marque demandée		EU/REG/207-2009
règlement n° 261/2004		EU/REG/261-2004
règlement n° 261/2004 a vocation à compléter les mesures prévues		EU/REG/261-2004
règlement n° 261/2004 sur le droit à indemnisation		EU/REG/261-2004
règlement n° 343/2003		EU/REG/343-2003
règlement n° 343/2003 susmentionné		EU/REG/343-2003
règlement n° 343/2003/ce		EU/REG/343-2003
règlement n° 40/94		EU/REG/40-94
règlement n° 40/94 1		EU/REG/40-94
règlement n° 40/94 ci-dessus		EU/REG/40-94
règlement n° 40/94 contre la demande de marque		EU/REG/40-94
règlement n° 40/94 disposait		EU/REG/40-94
règlement n° 40/94 et des articles 62		EU/REG/40-94
règlement n° 40/94 prévoyait		EU/REG/40-94
règlement n° 40/94 régit la compétence du tribunal		EU/REG/40-94
règlement n° 40/94 sur la marque communautaire		EU/REG/40-94
règlement n° 40/94 sur la marque communautaire le tribunal a compétence aussi bien		EU/REG/40-94
règlement n° 40/94, à l'encontre de l'enregistrement de cette marque communautaire		EU/REG/40-94
règlement n° 40/94, à l'encontre de l'enregistrement de la marque communautaire demandée		EU/REG/40-94
règlement n° 40/94, à l'encontre de l'enregistrement de la marque demandée		EU/REG/40-94
règlement n° 40/94, à l'encontre de l'enregistrement demandé		EU/REG/40-94
règlement n° 40/94, à l'encontre de la marque demandée		EU/REG/40-94
règlement n° 40/94, à l'enregistrement de la marque demandée		EU/REG/40-94
règlement n° 40/94, à l'enregistrement de ladite marque		EU/REG/40-94
règlement n° 44/2001		EU/REG/44-2001
règlement n° 44/2001/ce		EU/REG/44-2001
règlement n° 528/2012		EU/REG/528-2012
règlement n° 574/72		EU/REG/574-72
règlement n° 574/72/ce		EU/REG/574-72
règlement n° 574/72/cee		EU/REG/574-72
règlement n° 575/2013		EU/REG/575-2013
règlement n° 593/2008 rome i		EU/REG/593-2008
règlement n° 6/2002		EU/REG/6-2002
règlement n° 6/2002 du 12 décembre 2001		EU/REG/6-2002
règlement n° 6/2002 du 12 décembre 2001 sur les dessins		EU/REG/6-2002
règlement n° 6/2002 du 12 décembre 2001 sur les dessins et modèles communautaires		EU/REG/6-2002
règlement n° 6/2002 du 12 décembre 2001 sur les dessins ou modèles communautaires		EU/REG/6-2002
règlement n° 659/1999		EU/REG/659-1999
règlement n° 726/2004		EU/REG/726-2004
règlement n° 73/2009		EU/REG/73-2009
règlement n° 806/2014		EU/REG/806-2014
règlement n° 883/2004		EU/REG/883-2004
règlement n° 883/2004)		EU/REG/883-2004
règlement n° 883/2004, à faciliter la libre circulation des travailleurs et la libre prestation des services (voir		EU/REG/883-2004
règlement n° 883/2004/ ce		EU/REG/883-2004
règlement n° 910/2014		EU/REG/910-2014
règlement n° 910/2014 du parlement européen et du conseil du 23 juillet 2014		EU/REG/910-2014
règlement n° 952/2013		EU/REG/952-2013
règlement n° 987/2009		EU/REG/987-2009
règlement n° 987/2009/ce		EU/REG/987-2009
règlement n°593/2008		EU/REG/593-2008
règlement reach		EU/REG/1907-2006
règlement rgpd		EU/REG/2016-679
règlement rome i		EU/REG/593-2008
règlement rome i n° 593/2008		EU/REG/593-2008
règlement rome i n° 593/2008 du 17 juin 2008 sur la loi applicable aux obligations contractuelles vu l'article 1112 du code civil		EU/REG/593-2008
règlement rome ii		EU/REG/864-2007
règlement sur la marque de l'union européenne n° 2017/1001		EU/REG/2017-1001
règlement susvisé (ce) n° 343/2003 du conseil du 18 février 2003		EU/REG/343-2003
règlement ue/650/2012		EU/REG/650-2012
règlements 1307/2013		EU/REG/1307-2013
règlements nos 1/2003		EU/REG/1-2003
statut de la cour de justice		EU/STATUT-CJUE
statut de la cour de justice cee		EU/STATUT-CJUE
statut de la cour de justice de l'union européenne		EU/STATUT-CJUE
statut de la cour de justice de l'union européenne ( 4 )		EU/STATUT-CJUE
statut de la cour de justice de l'union européenne ayant présenté des observations écrites		EU/STATUT-CJUE
statut de la cour de justice de l'union européenne contient l'objet du litige		EU/STATUT-CJUE
statut de la cour de justice de l'union européenne et tendant		EU/STATUT-CJUE
statut de la cour de justice de l'union européenne)		EU/STATUT-CJUE
statut de la cour de justice de la communauté économique européenne		EU/STATUT-CJUE
statut de la cour de justice des communautés européennes		EU/STATUT-CJUE
statut de la cour de l'union européenne		EU/STATUT-CJUE
statut des fonctionnaires de communautés européennes		EU/REG/STATUT-FP
statut des fonctionnaires de l'union européenne		EU/REG/STATUT-FP
statut des fonctionnaires de la communauté européenne		EU/REG/STATUT-FP
statut des fonctionnaires de la communauté européenne du charbon		EU/REG/STATUT-FP
statut des fonctionnaires des communautes europeennes		EU/REG/STATUT-FP
statut des fonctionnaires des communauté européennes		EU/REG/STATUT-FP
statut des fonctionnaires des communautés		EU/REG/STATUT-FP
statut des fonctionnaires des communautés européennes		EU/REG/STATUT-FP
statut des fonctionnaires des communautés européennes (ci-après		EU/REG/STATUT-FP
statut des fonctionnaires des communautés européennes (ci-après le statut)		EU/REG/STATUT-FP
statut personnel tunisien		jafbase/docMaghreb/TunisieStatutpersonnel.PDF
tfue		EU/TFUE
traité (devenu article 10 ce)		EU/TFUE
traité (devenu article 226 ce)		EU/TFUE
traité (devenu article 234 ce)		EU/TFUE
traité (devenu article 253 ce)		EU/TFUE
traité (devenu article 288 ce)		EU/TFUE
traité (devenu article 295 ce)		EU/TFUE
traité (devenu article 308 ce)		EU/TFUE
traité (devenu article 50 ce)		EU/TFUE
traité (devenu article 56 ce)		EU/TFUE
traité (devenu article 81 ce)		EU/TFUE
traité (devenu article 82 ce)		EU/TFUE
traité (devenu article 88 ce)		EU/TFUE
traité (devenu article 89 ce)		EU/TFUE
traité (devenu l'article 234 ce)		EU/TFUE
traité ce		EU/TFUE
traité ce	12	EU/TFUE	18
traité ce	23	EU/TFUE	28
traité ce	234	EU/TFUE	267
traité ce	25	EU/TFUE	30
traité ce	39	EU/TFUE	45
traité ce	43	EU/TFUE	49
traité ce	49	EU/TFUE	56
traité ce	56	EU/TFUE	63
traité ce	81	EU/TFUE	101
traité ce	82	EU/TFUE	102
traité ce	87	EU/TFUE	107
traité ce	88	EU/TFUE	108
traité ce	90	EU/TFUE	110
traité ce	93	EU/TFUE	113
traité ce	95	EU/TFUE	114
traité ce (abrogé		EU/TFUE
traité ce (devenu		EU/TFUE
traité ce (devenu après		EU/TFUE
traité ce (devenu article 10 ce)		EU/TFUE
traité ce (devenu article 226 ce)		EU/TFUE
traité ce (devenu article 234 ce)		EU/TFUE
traité ce (devenu article 241 ce)		EU/TFUE
traité ce (devenu article 253 ce)		EU/TFUE
traité ce (devenu article 308 ce)		EU/TFUE
traité ce (devenu article 36 ce)		EU/TFUE
traité ce (devenu article 41 ce)		EU/TFUE
traité ce (devenu article 56 ce)		EU/TFUE
traité ce (devenu article 81 ce)		EU/TFUE
traité ce (devenu article 82 ce)		EU/TFUE
traité ce (devenu article 86 ce)		EU/TFUE
traité ce (devenu article 88 ce)		EU/TFUE
traité ce (devenus		EU/TFUE
traité ce (maastricht)		EU/TUE
traité ce -		EU/TFUE
traité ce)		EU/TFUE
traité cee		EU/TFUE
traité cee	119	EU/TFUE	157
traité cee	169	EU/TFUE	258
traité cee	173	EU/TFUE	263
traité cee	177	EU/TFUE	267
traité cee	30	EU/TFUE	34
traité cee	36	EU/TFUE	36
traité cee	85	EU/TFUE	101
traité cee	86	EU/TFUE	102
traité cee	90	EU/TFUE	106
traité cee	95	EU/TFUE	110
traité cee (devenu		EU/TFUE
traité cee (devenus		EU/TFUE
traité cee )		EU/TFUE
traité cee 1		EU/TFUE
traité cee 3		EU/TFUE
traité cee)		EU/TFUE
traité ceea		EU/CEEA
traité de fonctionnement de l'union européenne		EU/TFUE
traité de fonctionnement de l'union européenne (tfue)		EU/TFUE
traité de l'ue		EU/TUE
traité de l'union		EU/TUE
traité de l'union européenne		EU/TUE
traité de l'union européenne )		EU/TUE
traité de l'union européenne)		EU/TUE
traité de la cee		EU/TFUE
traité de la communauté européenne		EU/TFUE
traité de la communauté européenne)		EU/TFUE
traité de la communauté économique européenne		EU/TFUE
traité de maastricht		EU/TUE
traité de maastricht entré		EU/TUE
traité de maastricht)		EU/TUE
traité de rome		EU/TFUE
traité de rome	119	EU/TFUE	157
traité de rome	169	EU/TFUE	258
traité de rome	173	EU/TFUE	263
traité de rome	177	EU/TFUE	267
traité de rome	30	EU/TFUE	34
traité de rome	36	EU/TFUE	36
traité de rome	85	EU/TFUE	101
traité de rome	86	EU/TFUE	102
traité de rome	90	EU/TFUE	106
traité de rome	95	EU/TFUE	110
traité de rome du 25 mars 1957		EU/TFUE
traité de rome et des dispositions de la directive 2006/112/ce du conseil du 28 novembre 2006		EU/DIR/2006-112
traité de rome instituant la communauté économique européenne		EU/TFUE
traité de rome)		EU/TFUE
traité des communautés européennes		EU/TFUE
traité dit de l'euratom		EU/CEEA
traité du 25 mars 1957		EU/TFUE
traité du 25 mars 1957 instituant la communauté européenne		EU/TFUE
traité du 25 mars 1957 instituant la communauté économique européenne		EU/TFUE
traité du 25 mars 1957 modifié instituant la communauté européenne		EU/TFUE
traité du fonctionnement de l'union européenne		EU/TFUE
traité euratom		EU/CEEA
traité euratom )		EU/CEEA
traité fue		EU/TFUE
traité instituant la communauté européenne		EU/TFUE
traité instituant la communauté européenne	12	EU/TFUE	18
traité instituant la communauté européenne	23	EU/TFUE	28
traité instituant la communauté européenne	234	EU/TFUE	267
traité instituant la communauté européenne	25	EU/TFUE	30
traité instituant la communauté européenne	39	EU/TFUE	45
traité instituant la communauté européenne	43	EU/TFUE	49
traité instituant la communauté européenne	49	EU/TFUE	56
traité instituant la communauté européenne	56	EU/TFUE	63
traité instituant la communauté européenne	81	EU/TFUE	101
traité instituant la communauté européenne	82	EU/TFUE	102
traité instituant la communauté européenne	87	EU/TFUE	107
traité instituant la communauté européenne	88	EU/TFUE	108
traité instituant la communauté européenne	90	EU/TFUE	110
traité instituant la communauté européenne	93	EU/TFUE	113
traité instituant la communauté européenne	95	EU/TFUE	114
traité instituant la communauté européenne de l'énergie atomique		EU/CEEA
traité instituant la communauté européenne et le traité sur le fonctionnement de l'union européenne		EU/TFUE
traité instituant la communauté économique européenne		EU/TFUE
traité instituant la communauté économique européenne	119	EU/TFUE	157
traité instituant la communauté économique européenne	169	EU/TFUE	258
traité instituant la communauté économique européenne	173	EU/TFUE	263
traité instituant la communauté économique européenne	177	EU/TFUE	267
traité instituant la communauté économique européenne	30	EU/TFUE	34
traité instituant la communauté économique européenne	36	EU/TFUE	36
traité instituant la communauté économique européenne	85	EU/TFUE	101
traité instituant la communauté économique européenne	86	EU/TFUE	102
traité instituant la communauté économique européenne	90	EU/TFUE	106
traité instituant la communauté économique européenne	95	EU/TFUE	110
traité relatif à la communauté européenne de l'énergie atomique		EU/CEEA
traité sljf le fonctionnement de l'union européenne		EU/TFUE
traité sur l'union européenne		EU/TUE
traité sur l'union européenne (le tue)		EU/TUE
traité sur l'union européenne (tue)		EU/TUE
traité sur l'union européenne du 7 février 1992		EU/TUE
traité sur l'union européenne)		EU/TUE
traité sur la communauté européenne		EU/TFUE
traité sur le fonctionnement de l'ue		EU/TFUE
traité sur le fonctionnement de l'union européenne		EU/TFUE
traité sur le fonctionnement de l'union européenne ( tfue )		EU/TFUE
traité sur le fonctionnement de l'union européenne ( tfue)		EU/TFUE
traité sur le fonctionnement de l'union européenne (tfue		EU/TFUE
traité sur le fonctionnement de l'union européenne (tfue)		EU/TFUE
traité sur le fonctionnement de l'union européenne (tfue) la question de savoir si		EU/TFUE
traité sur le fonctionnement de l'union européenne après l'entrée		EU/TFUE
traité sur le fonctionnement de l'union européenne rend obligatoire le renvoi préjudiciel devant la cour de justice de l'union européenne		EU/TFUE
traité sur le fonctionnement de l'union européenne tel		EU/TFUE
traité sur le fonctionnement de l'union européenne tels		EU/TFUE
traité sur le fonctionnement de l'union européenne)		EU/TFUE
traité sur le fonctionnement de l'union européenne, à savoir la responsabilité extra contractuelle de l'union		EU/TFUE
traité ue		EU/TUE
tue		EU/TUE
